fid,file,funcName,CountLine,CountLineBlank,CountLineCode,CountLineCodeDecl,CountLineCodeExe,CountLineComment,CountPath,CountStmtDecl,CountStmtExe,Cyclomatic,CyclomaticModified,CyclomaticStrict,Essential,MaxNesting,RatioCommentToCode,n1,n2,N1,N2,N,n,V,D,L,E,T,I,B
3393,E:\projects\pytypes2\subjects\InstaPy\instapy\file_manager.py,instapy.file_manager.move_workspace,2,0,1,1,0,1,1,1,0,1,1,1,1,0,1.00,4,4,4,4,8,8,24,2,0.5,48,2.66666666666667,12,0.00440256966519284
1330,E:\projects\pytypes2\subjects\InstaPy\instapy\instapy.py,instapy.instapy.InstaPy.check_character_set,7,0,7,1,6,0,2,1,4,2,2,2,1,1,0.00,11,9,20,16,36,20,155.589411415945,9.77777777777778,0.102272727272727,1521.31868940035,84.5177049666862,15.9125534402671,0.0440919066247345
2392,E:\projects\pytypes2\subjects\InstaPy\instapy\util.py,instapy.util.get_page_title,23,5,16,1,15,2,4,1,13,4,4,4,4,3,0.12,11,15,35,27,62,26,291.427262524748,9.9,0.101010101010101,2885.129898995,160.284994388611,29.437097224722,0.0675547139820449
5099,E:\projects\pytypes2\subjects\InstaPy\instapy\browser.py,instapy.browser.custom_browser.wait_for_valid_connection,10,0,10,1,9,0,3,1,8,3,3,3,3,2,0.00,15,16,27,24,51,31,252.664011829731,11.25,0.0888888888888889,2842.47013308447,157.915007393582,22.4590232737538,0.0668871490574137
3792,E:\projects\pytypes2\subjects\InstaPy\instapy\unfollow_util.py,instapy.unfollow_util.post_unfollow_actions,2,0,2,1,1,0,1,1,1,1,1,1,1,0,0.00,5,4,6,4,10,9,31.6992500144231,2.5,0.4,79.2481250360578,4.40267361311432,12.6797000057693,0.00614994751160048
3894,E:\projects\pytypes2\subjects\InstaPy\instapy\quota_supervisor.py,instapy.quota_supervisor.quota_supervisor,26,4,13,3,10,11,3,3,9,3,3,3,3,2,0.85,15,22,39,36,75,37,390.709002422171,12.2727272727273,0.0814814814814815,4795.06502972665,266.39250165148,31.8355483455102,0.0947854652608913
5084,E:\projects\pytypes2\subjects\InstaPy\instapy\like_util.py,instapy.like_util.verify_liking,50,7,41,1,40,2,11,1,23,7,7,7,7,4,0.05,20,30,76,59,135,50,761.920585619588,19.6666666666667,0.0508474576271186,14984.4381838519,832.468787991772,38.7417246925214,0.20259981987816
4811,E:\projects\pytypes2\subjects\InstaPy\instapy\instapy.py,instapy.instapy.InstaPy.unfollow_users,73,8,64,15,49,2,10,1,21,6,6,6,4,2,0.03,19,59,154,130,284,78,1785.05423015688,20.9322033898305,0.0477732793522267,37365.1182075211,2075.83990041784,85.2778943961586,0.372554361703611
4291,E:\projects\pytypes2\subjects\InstaPy\instapy\instapy.py,instapy.instapy.InstaPy.set_delimit_liking,7,1,6,3,3,0,1,1,3,1,1,1,1,0,0.00,12,8,27,17,44,20,190.164836175044,12.75,0.0784313725490196,2424.60166123181,134.700092290656,14.9148891117682,0.0601597021688218
2388,E:\projects\pytypes2\subjects\InstaPy\instapy\like_util.py,instapy.like_util.get_media_edge_comment_string,9,0,8,1,7,1,3,1,7,3,3,3,3,2,0.12,12,8,16,12,28,20,121.013986656846,9,0.111111111111111,1089.12587991162,60.5069933284231,13.4459985174274,0.0352855965279992
4318,E:\projects\pytypes2\subjects\InstaPy\instapy\instapy.py,instapy.instapy.InstaPy.set_use_meaningcloud,36,4,29,9,20,3,8,1,8,4,4,4,1,1,0.10,15,32,92,66,158,47,877.625038565067,15.46875,0.0646464646464646,13575.7623153034,754.209017516854,56.7353560284488,0.189694568414771
2384,E:\projects\pytypes2\subjects\InstaPy\instapy\like_util.py,instapy.like_util.get_links_from_feed,34,7,23,1,22,4,8,1,20,5,5,5,1,3,0.17,16,41,65,68,133,57,775.774371883911,13.2682926829268,0.0753676470588235,10293.2014220694,571.844523448303,58.4682890574271,0.157729306139242
4296,E:\projects\pytypes2\subjects\InstaPy\instapy\instapy.py,instapy.instapy.InstaPy.set_do_story,18,2,9,3,6,7,2,1,6,2,2,2,1,1,0.78,9,15,27,25,52,24,238.4180500375,7.5,0.133333333333333,1788.13537528125,99.3408541822917,31.7890733383334,0.0491072568913137
5083,E:\projects\pytypes2\subjects\InstaPy\instapy\like_util.py,instapy.like_util.verify_liked_image,14,2,11,1,10,1,2,1,7,2,2,2,1,1,0.09,12,17,25,22,47,29,228.325106770996,7.76470588235294,0.128787878787879,1772.87729963362,98.4931833129786,29.4055061750525,0.0488275048059129
960,E:\projects\pytypes2\subjects\InstaPy\instapy\instapy.py,instapy.instapy.InstaPy.accept_follow_requests,36,9,26,1,25,1,8,1,21,6,6,6,6,3,0.04,16,34,63,67,130,50,733.701304670714,15.7647058823529,0.0634328358208955,11566.5852736324,642.588070757358,46.5407544007543,0.17048343528533
2365,E:\projects\pytypes2\subjects\InstaPy\instapy\util.py,instapy.util.get_current_url,13,3,9,1,8,1,3,1,8,3,3,3,1,2,0.11,9,7,19,14,33,16,132,9,0.111111111111111,1188,66,14.6666666666667,0.0373900781062185
946,E:\projects\pytypes2\subjects\InstaPy\instapy\plugins\telegram_util.py,instapy.plugins.telegram_util.InstaPyTelegramBot._start,17,1,10,1,9,6,2,1,5,2,2,2,1,2,0.60,9,22,35,36,71,31,351.747938037468,7.36363636363636,0.135802469135802,2590.14390736681,143.896883742601,47.7682384989154,0.0628677630935635
1389,E:\projects\pytypes2\subjects\InstaPy\instapy\util.py,instapy.util.click_element,75,13,27,1,26,35,5,1,15,5,5,5,5,2,1.30,16,21,57,52,109,37,567.830416853556,19.8095238095238,0.0504807692307692,11248.4501624323,624.913897912908,28.6645162353958,0.167342866614492
2667,E:\projects\pytypes2\subjects\InstaPy\instapy\instapy.py,instapy.instapy.InstaPy.interact_user_following,176,28,143,3,140,5,209,1,75,16,16,16,13,5,0.03,29,102,317,312,629,131,4424.02306796706,44.3529411764706,0.0225464190981432,196218.434896892,10901.0241609384,99.7458781902387,1.12556855096235
2664,E:\projects\pytypes2\subjects\InstaPy\instapy\instapy.py,instapy.instapy.InstaPy.interact_by_users,334,47,264,7,257,23,7202309,1,138,38,38,38,21,10,0.09,35,165,622,582,1204,200,9203.20285248877,61.7272727272727,0.01620029455081,568088.612439989,31560.4784688883,149.094597021173,2.28642065327655
2371,E:\projects\pytypes2\subjects\InstaPy\instapy\relationship_tools.py,instapy.relationship_tools.get_following,278,42,220,10,210,16,85864,1,128,24,24,24,7,7,0.07,38,172,519,495,1014,210,7822.24495491345,54.6802325581395,0.0182881446039341,427722.173261401,23762.3429589667,143.054346862851,1.89228518180756
2177,E:\projects\pytypes2\subjects\InstaPy\instapy\instapy.py,instapy.instapy.InstaPy.follow_by_list,177,24,127,7,120,29,2892,1,79,18,18,18,6,6,0.23,33,107,331,323,654,140,4662.55109308201,49.8084112149533,0.0200769302936486,232234.262154959,12901.9034530533,93.6097132863824,1.2593978294486
944,E:\projects\pytypes2\subjects\InstaPy\instapy\plugins\telegram_util.py,instapy.plugins.telegram_util.InstaPyTelegramBot._live_report,65,2,59,1,58,4,2,1,7,2,2,2,1,1,0.07,14,47,115,124,239,61,1417.44622367753,18.468085106383,0.054147465437788,26177.5174925978,1454.30652736654,76.7511204065022,0.293876178852372
3729,E:\projects\pytypes2\subjects\InstaPy\instapy\instapy.py,instapy.instapy.InstaPy.pick_fans,23,3,15,3,12,5,1,1,4,1,1,1,1,0,0.33,10,20,39,35,74,30,363.10990407503,8.75,0.114285714285714,3177.21166065652,176.511758925362,41.498274751432,0.0720404102158073
3882,E:\projects\pytypes2\subjects\InstaPy\instapy\instapy.py,instapy.instapy.InstaPy.query_clarifai,16,0,14,1,13,2,1,1,1,1,1,1,1,0,0.14,7,16,28,27,55,23,248.795907583136,5.90625,0.169312169312169,1469.4508291629,81.6361571757164,42.1241748288907,0.0430839438079845
2859,E:\projects\pytypes2\subjects\InstaPy\instapy\instapy.py,instapy.instapy.InstaPy.like_by_locations,226,32,184,7,177,11,2750,1,91,24,24,24,13,9,0.06,30,130,444,417,861,160,6304.18008969802,48.1153846153846,0.0207833733013589,303328.04970047,16851.5583166928,131.022128163188,1.5048289136263
4415,E:\projects\pytypes2\subjects\InstaPy\instapy\time_util.py,instapy.time_util.sleep_actual,2,0,2,1,1,0,1,1,1,1,1,1,1,0,0.00,3,3,4,4,8,6,20.6797000057692,2,0.5,41.3594000115385,2.29774444508547,10.3398500028846,0.00398652873256661
1754,E:\projects\pytypes2\subjects\InstaPy\instapy\text_analytics.py,instapy.text_analytics.detect_language,36,6,23,1,22,7,4,1,16,4,4,4,4,1,0.30,20,34,58,50,108,54,621.527850233655,14.7058823529412,0.068,9140.11544461257,507.784191367365,42.2638938158885,0.145717999167128
2385,E:\projects\pytypes2\subjects\InstaPy\instapy\print_log_writer.py,instapy.print_log_writer.get_log_time,5,1,3,1,2,1,1,1,2,1,1,1,1,0,0.33,6,7,9,8,17,13,62.9074752083986,3.42857142857143,0.291666666666667,215.682772143081,11.9823762301712,18.3480136024496,0.0119882479423347
2666,E:\projects\pytypes2\subjects\InstaPy\instapy\instapy.py,instapy.instapy.InstaPy.interact_user_followers,184,30,142,3,139,12,209,1,75,16,16,16,13,5,0.08,29,102,312,312,624,131,4388.85595295937,44.3529411764706,0.0225464190981432,194658.66991361,10814.3705507561,98.9529856768027,1.11959576316057
4311,E:\projects\pytypes2\subjects\InstaPy\instapy\instapy.py,instapy.instapy.InstaPy.set_skip_users,35,1,34,13,21,0,4,1,14,4,4,4,1,3,0.00,14,28,77,70,147,42,792.670661148478,17.5,0.0571428571428571,13871.7365700984,770.652031672131,45.2954663513416,0.192441751282036
4295,E:\projects\pytypes2\subjects\InstaPy\instapy\instapy.py,instapy.instapy.InstaPy.set_do_reply_to_comments,7,2,4,1,3,1,1,1,3,1,1,1,1,0,0.25,8,10,15,15,30,18,125.097750043269,6,0.166666666666667,750.586500259616,41.6992500144231,20.8496250072116,0.0275304035843086
4308,E:\projects\pytypes2\subjects\InstaPy\instapy\browser.py,instapy.browser.set_selenium_local_session,83,18,51,12,39,14,32,1,31,6,6,6,1,1,0.27,15,59,109,114,223,74,1384.70810053526,14.4915254237288,0.0690058479532164,20066.5326433499,1114.80736907499,95.5529566451229,0.246146483591068
1563,E:\projects\pytypes2\subjects\InstaPy\instapy\browser.py,instapy.browser.convert_selenium_browser,4,0,3,1,2,1,1,1,2,1,1,1,1,0,0.33,6,5,6,7,13,11,44.9726110422849,4.2,0.238095238095238,188.884966377596,10.4936092431998,10.7077645338774,0.0109734622527823
4290,E:\projects\pytypes2\subjects\InstaPy\instapy\instapy.py,instapy.instapy.InstaPy.set_delimit_commenting,15,2,11,7,4,2,1,1,4,1,1,1,1,0,0.18,13,10,34,22,56,23,253.319469539193,14.3,0.0699300699300699,3622.46841441046,201.248245245025,17.714648219524,0.0786227958756961
2054,E:\projects\pytypes2\subjects\InstaPy\instapy\commenters_util.py,instapy.commenters_util.extract_post_info,51,4,41,1,40,6,15,1,26,6,6,6,4,2,0.15,20,43,98,100,198,63,1183.50142485298,23.2558139534884,0.043,27523.2889500694,1529.07160833719,50.8905612686783,0.303863800228158
2851,E:\projects\pytypes2\subjects\InstaPy\instapy\text_analytics.py,instapy.text_analytics.lift_yandex_request,43,8,28,1,27,7,9,1,20,9,9,9,3,2,0.25,14,33,67,64,131,47,727.651139569771,13.5757575757576,0.0736607142857143,9878.41547052294,548.800859473497,53.5993026915233,0.153462971758777
2373,E:\projects\pytypes2\subjects\InstaPy\instapy\browser.py,instapy.browser.get_geckodriver,11,1,8,1,7,2,2,1,7,2,2,2,1,1,0.25,9,13,22,21,43,22,191.755559601404,7.26923076923077,0.137566137566138,1393.91541402559,77.4397452236438,26.3790716911984,0.0415945431859532
1840,E:\projects\pytypes2\subjects\InstaPy\instapy\unfollow_util.py,instapy.unfollow_util.dump_follow_restriction,44,8,30,1,29,6,8,1,22,5,5,5,1,4,0.20,18,46,85,77,162,64,972,15.0652173913043,0.0663780663780664,14643.3913043478,813.521739130435,64.5194805194805,0.199513914900591
2862,E:\projects\pytypes2\subjects\InstaPy\instapy\like_util.py,instapy.like_util.like_comment,54,8,39,1,38,8,6,1,25,6,6,6,6,4,0.21,21,50,99,88,187,71,1150.00271134738,18.48,0.0541125541125541,21252.0501056995,1180.66945031664,62.2295839473688,0.255748227660628
1331,E:\projects\pytypes2\subjects\InstaPy\instapy\commenters_util.py,instapy.commenters_util.check_exists_by_xpath,6,0,6,1,5,0,2,1,5,2,2,2,1,1,0.00,10,5,14,7,21,15,82.0447025077789,7,0.142857142857143,574.312917554452,31.9062731974696,11.7206717868256,0.0230309119532514
1356,E:\projects\pytypes2\subjects\InstaPy\instapy\instapy.py,instapy.instapy.InstaPy.clarifai_check_img_for,18,2,15,7,8,1,4,1,7,4,4,4,1,1,0.07,16,14,47,30,77,30,377.830575861856,17.1428571428571,0.0583333333333333,6477.09558620324,359.838643677958,22.0401169252749,0.115824104051331
4526,E:\projects\pytypes2\subjects\InstaPy\instapy\quota_supervisor.py,instapy.quota_supervisor.stochasticity,42,5,26,1,25,12,5,1,18,5,5,5,1,3,0.46,15,32,57,62,119,47,660.996073349639,14.53125,0.0688172043010753,9605.09919086194,533.616621714552,45.4879018219106,0.150619076816717
2706,E:\projects\pytypes2\subjects\InstaPy\instapy\instapy.py,instapy.instapy.InstaPy.is_mandatory_character,13,0,13,1,12,0,3,1,6,3,3,3,3,1,0.00,12,12,28,22,50,24,229.248125036058,11,0.0909090909090909,2521.72937539664,140.096076410924,20.8407386396416,0.0617557969072074
4548,E:\projects\pytypes2\subjects\InstaPy\instapy\relationship_tools.py,instapy.relationship_tools.store_nonfollowers,35,3,30,3,27,2,5,1,18,4,4,4,1,3,0.07,14,46,76,78,154,60,909.661151723712,11.8695652173913,0.0842490842490842,10797.2823661119,599.849020339549,76.63811900969,0.162837734393066
4012,E:\projects\pytypes2\subjects\InstaPy\instapy\instapy.py,instapy.instapy.InstaPy.remove_follow_requests,40,8,31,1,30,1,4,1,13,4,4,4,1,2,0.03,15,35,70,69,139,50,784.496010378687,14.7857142857143,0.0676328502415459,11599.333867742,644.407437096778,53.057701185032,0.170805077984198
2400,E:\projects\pytypes2\subjects\InstaPy\instapy\pods_util.py,instapy.pods_util.get_server_endpoint,13,0,13,1,12,0,6,1,7,6,6,6,6,1,0.00,9,14,32,24,56,23,253.319469539193,7.71428571428571,0.12962962962963,1954.17876501663,108.565486945368,32.8377090143398,0.0521020652494834
1593,E:\projects\pytypes2\subjects\InstaPy\instapy\database_engine.py,instapy.database_engine.create_database,32,4,27,1,26,1,4,1,11,3,3,3,1,2,0.04,13,27,47,40,87,40,463.007744255201,9.62962962962963,0.103846153846154,4458.59309282786,247.699616268214,48.0815734418862,0.090297828104881
2662,E:\projects\pytypes2\subjects\InstaPy\instapy\instapy.py,instapy.instapy.InstaPy.interact_by_URL,219,32,176,3,173,11,15861,1,89,26,26,26,10,8,0.06,31,129,430,401,831,160,6084.5222468514,48.1821705426357,0.0207545651999035,293165.488568255,16286.9715871253,126.28161368254,1.47102699020602
1395,E:\projects\pytypes2\subjects\InstaPy\instapy\util.py,instapy.util.close_dialog_box,12,3,8,1,7,1,2,1,5,2,2,2,1,1,0.12,9,10,15,13,28,19,118.94197037642,5.85,0.170940170940171,695.810526702059,38.6561403723366,20.331960748106,0.0261741593315798
4339,E:\projects\pytypes2\subjects\InstaPy\instapy\pods_util.py,instapy.pods_util.share_my_post_with_pods,15,0,14,1,13,1,3,1,12,3,3,3,3,2,0.07,17,24,49,42,91,41,487.537232420246,14.875,0.0672268907563025,7252.11633225115,402.895351791731,32.7756122635459,0.124888347744035
1699,E:\projects\pytypes2\subjects\InstaPy\instapy\plugins\telegram_util.py,instapy.plugins.telegram_util.InstaPyTelegramBot.debug-setter,12,1,6,1,5,5,3,1,5,3,3,3,1,2,0.83,10,10,24,20,44,20,190.164836175044,10,0.1,1901.64836175044,105.647131208358,19.0164836175044,0.0511641253605162
2357,E:\projects\pytypes2\subjects\InstaPy\instapy\unfollow_util.py,instapy.unfollow_util.get_buttons_from_dialog,16,3,10,1,9,3,3,1,4,3,3,3,1,1,0.30,10,12,23,23,46,22,205.133854457316,9.58333333333333,0.104347826086957,1965.86610521594,109.214783623108,21.405271769459,0.0523095963124478
2204,E:\projects\pytypes2\subjects\InstaPy\instapy\unfollow_util.py,instapy.unfollow_util.follow_through_dialog,70,9,56,13,43,5,56,1,24,10,10,10,5,4,0.09,24,45,109,96,205,69,1252.24751363952,25.6,0.0390625,32057.5363491718,1780.97424162066,48.9159185015439,0.336381555257809
1886,E:\projects\pytypes2\subjects\InstaPy\instapy\util.py,instapy.util.emergency_exit,15,2,10,1,9,3,3,1,9,3,3,3,3,1,0.30,10,16,32,24,56,26,263.224624215901,7.5,0.133333333333333,1974.18468161926,109.676926756626,35.0966165621202,0.0524570580560377
3000,E:\projects\pytypes2\subjects\InstaPy\instapy\relationship_tools.py,instapy.relationship_tools.load_followers_data,154,25,122,1,121,7,217,1,67,24,24,24,1,4,0.06,24,94,331,300,631,118,4342.94776414732,38.2978723404255,0.0261111111111111,166325.659052451,9240.31439180281,113.399191619402,1.00813396611447
2437,E:\projects\pytypes2\subjects\InstaPy\instapy\instapy.py,instapy.instapy.InstaPy.grab_followers,47,5,37,7,30,5,4,1,11,4,4,4,4,1,0.14,18,31,77,65,142,49,797.28879786436,18.8709677419355,0.052991452991453,15045.6111855049,835.867288083603,42.2494918526413,0.203150845839144
4001,E:\projects\pytypes2\subjects\InstaPy\instapy\util.py,instapy.util.reload_webpage,7,1,5,1,4,1,1,1,4,1,1,1,1,0,0.20,9,9,12,11,23,18,95.9082750331732,5.5,0.181818181818182,527.495512682453,29.3053062601362,17.4378681878497,0.0217616217979415
4286,E:\projects\pytypes2\subjects\InstaPy\instapy\unfollow_util.py,instapy.unfollow_util.set_automated_followed_pool,95,16,67,8,59,14,162,1,43,14,14,14,6,6,0.21,27,55,159,131,290,82,1843.69008133924,32.1545454545455,0.0310998020921685,59283.0165245173,3293.50091802874,57.3383966489446,0.506794945216804
4111,E:\projects\pytypes2\subjects\InstaPy\instapy\util.py,instapy.util.save_account_progress,32,3,20,1,19,9,2,1,14,2,2,2,1,2,0.45,9,33,46,51,97,42,523.05479000954,6.95454545454545,0.143790849673203,3637.60831233907,202.089350685504,75.2104926811103,0.0788417098581793
2407,E:\projects\pytypes2\subjects\InstaPy\instapy\unfollow_util.py,instapy.unfollow_util.get_user_id,9,2,5,1,4,3,2,1,4,2,2,2,1,1,0.60,8,10,16,17,33,18,137.607525047596,6.8,0.147058823529412,935.731170323655,51.9850650179808,20.2364007422936,0.0318893849434326
2053,E:\projects\pytypes2\subjects\InstaPy\instapy\commenters_util.py,instapy.commenters_util.extract_information,186,24,130,1,129,32,897,1,104,18,18,18,11,5,0.25,32,126,311,316,627,158,4579.47052910704,40.1269841269841,0.0249208860759494,183760.34123147,10208.9078461928,114.124463344044,1.07740735933541
3625,E:\projects\pytypes2\subjects\InstaPy\instapy\monkey_patcher.py,instapy.monkey_patcher.patch_move_to_element,11,2,8,2,6,1,1,2,6,1,1,1,1,0,0.12,9,16,24,25,49,25,227.548953298961,7.03125,0.142222222222222,1599.95357788332,88.8863098824068,32.362517802519,0.04559847656597
4557,E:\projects\pytypes2\subjects\InstaPy\instapy\instapy.py,instapy.instapy.InstaPy.story_by_users,31,3,24,1,23,4,19,1,18,8,8,8,6,3,0.17,20,30,72,62,134,50,756.276729429813,20.6666666666667,0.0483870967741935,15629.7190748828,868.317726382378,36.594035294991,0.208375278554414
2465,E:\projects\pytypes2\subjects\InstaPy\instapy\pods_util.py,instapy.pods_util.group_posts,21,0,21,1,20,0,6,1,15,6,6,6,1,3,0.00,17,18,52,44,96,35,492.411169626717,20.7777777777778,0.0481283422459893,10231.2098577996,568.400547655531,23.6989332975425,0.157095377843296
1456,E:\projects\pytypes2\subjects\InstaPy\instapy\event.py,instapy.event.Event.commented,2,0,2,1,1,0,1,1,1,1,1,1,1,0,0.00,5,5,9,9,18,10,59.7947057079725,4.5,0.222222222222222,269.076175685876,14.9486764269931,13.2877123795495,0.0138929853035275
2368,E:\projects\pytypes2\subjects\InstaPy\instapy\relationship_tools.py,instapy.relationship_tools.get_fans,52,7,38,3,35,7,2,1,10,2,2,2,1,1,0.18,15,30,69,68,137,45,752.383874197165,17,0.0588235294117647,12790.5258613518,710.584770075101,44.2578749527744,0.182307420154512
2438,E:\projects\pytypes2\subjects\InstaPy\instapy\instapy.py,instapy.instapy.InstaPy.grab_following,47,5,37,7,30,5,4,1,11,4,4,4,4,1,0.14,18,31,77,65,142,49,797.28879786436,18.8709677419355,0.052991452991453,15045.6111855049,835.867288083603,42.2494918526413,0.203150845839144
2665,E:\projects\pytypes2\subjects\InstaPy\instapy\instapy.py,instapy.instapy.InstaPy.interact_by_users_tagged_posts,325,43,259,7,252,23,2795907,1,131,37,37,37,21,9,0.09,36,156,601,553,1154,192,8753.04672583221,63.8076923076923,0.0156720916214587,558511.712236755,31028.4284575975,137.178550254152,2.26065142096839
2389,E:\projects\pytypes2\subjects\InstaPy\instapy\relationship_tools.py,instapy.relationship_tools.get_mutual_following,58,7,44,3,41,7,2,1,10,2,2,2,1,1,0.16,15,30,68,68,136,45,746.892021100836,17,0.0588235294117647,12697.1643587142,705.398019928567,43.9348247706374,0.181419196661015
2351,E:\projects\pytypes2\subjects\InstaPy\instapy\util.py,instapy.util.getUserData,16,1,15,5,10,0,2,1,8,2,2,2,1,1,0.00,11,13,27,25,52,24,238.4180500375,10.5769230769231,0.0945454545454545,2521.72937539664,140.096076410924,22.5413429126364,0.0617557969072074
4292,E:\projects\pytypes2\subjects\InstaPy\instapy\instapy.py,instapy.instapy.InstaPy.set_do_comment,13,3,6,1,5,4,2,1,5,2,2,2,1,1,0.67,9,11,19,18,37,20,159.911339510832,7.36363636363636,0.135802469135802,1177.52895457977,65.4182752544315,21.7163547483846,0.0371700497086885
942,E:\projects\pytypes2\subjects\InstaPy\instapy\plugins\telegram_util.py,instapy.plugins.telegram_util.InstaPyTelegramBot._error_callback,19,0,15,1,14,4,7,1,14,7,7,7,7,1,0.27,9,15,57,54,111,24,508.930837580048,16.2,0.0617283950617284,8244.67956879678,458.037753822044,31.4154838012376,0.136038321941371
3002,E:\projects\pytypes2\subjects\InstaPy\instapy\quota_supervisor.py,instapy.quota_supervisor.load_records,40,5,31,1,30,4,3,1,14,3,3,3,1,2,0.13,13,39,67,63,130,52,741.057163358342,10.5,0.0952380952380952,7781.10021526259,432.283345292366,70.5768727007945,0.130889884494868
2472,E:\projects\pytypes2\subjects\InstaPy\instapy\util.py,instapy.util.has_any_letters,8,1,5,1,4,3,1,1,2,1,1,1,1,0,0.60,8,7,10,10,20,15,78.1378119121704,5.71428571428571,0.175,446.501782355259,24.8056545752922,13.6741170846298,0.0194727614320827
1795,E:\projects\pytypes2\subjects\InstaPy\instapy\login_util.py,instapy.login_util.dismiss_notification_offer,15,2,11,1,10,2,2,1,6,2,2,2,1,1,0.18,9,18,29,30,59,27,280.538362627645,7.5,0.133333333333333,2104.03771970734,116.890984428185,37.4051150170193,0.0547328117558673
2387,E:\projects\pytypes2\subjects\InstaPy\instapy\like_util.py,instapy.like_util.get_main_element,16,2,14,1,13,0,3,1,7,3,3,3,1,2,0.00,11,13,32,26,58,24,265.927825041827,11,0.0909090909090909,2925.2060754601,162.511448636672,24.1752568219843,0.068178858097569
2886,E:\projects\pytypes2\subjects\InstaPy\instapy\event.py,instapy.event.Event.liked,2,0,2,1,1,0,1,1,1,1,1,1,1,0,0.00,5,5,9,9,18,10,59.7947057079725,4.5,0.222222222222222,269.076175685876,14.9486764269931,13.2877123795495,0.0138929853035275
4313,E:\projects\pytypes2\subjects\InstaPy\instapy\instapy.py,instapy.instapy.InstaPy.set_sleep_reduce,3,0,3,1,2,0,1,1,2,1,1,1,1,0,0.00,5,5,7,7,14,10,46.5069933284231,3.5,0.285714285714286,162.774476649481,9.04302648052671,13.2877123795495,0.00993732782415063
3838,E:\projects\pytypes2\subjects\InstaPy\instapy\event.py,instapy.event.Event.profile_data_updated,7,0,7,1,6,0,1,1,1,1,1,1,1,0,0.00,5,7,14,13,27,12,96.7939875194712,4.64285714285714,0.215384615384615,449.400656340402,24.9667031300223,20.8479357734246,0.019556953966967
2399,E:\projects\pytypes2\subjects\InstaPy\instapy\util.py,instapy.util.get_relationship_counts,108,18,87,1,86,3,36,1,44,11,11,11,1,5,0.03,13,46,153,142,295,59,1735.37969956174,20.0652173913043,0.0498374864572048,34820.7709281628,1934.48727378682,86.4869622750165,0.35544384647809
4307,E:\projects\pytypes2\subjects\InstaPy\instapy\instapy.py,instapy.instapy.InstaPy.set_relationship_bounds,26,4,20,12,8,2,1,1,8,1,1,1,1,0,0.10,12,15,76,49,125,27,594.360937770434,19.6,0.0510204081632653,11649.4743803005,647.193021127806,30.3245376413487,0.171296950819529
4099,E:\projects\pytypes2\subjects\InstaPy\instapy\instapy.py,instapy.instapy.InstaPy.run_time,8,2,5,1,4,1,1,1,4,1,1,1,1,0,0.20,8,8,13,15,28,16,112,7.5,0.133333333333333,840,46.6666666666667,14.9333333333333,0.0296755153225531
4013,E:\projects\pytypes2\subjects\InstaPy\instapy\file_manager.py,instapy.file_manager.remove_last_slash,7,2,4,1,3,1,2,1,3,2,2,2,1,1,0.25,9,6,12,10,22,15,85.9515931033874,7.5,0.133333333333333,644.636948275406,35.8131637930781,11.460212413785,0.0248745676740097
1416,E:\projects\pytypes2\subjects\InstaPy\instapy\comment_util.py,instapy.comment_util.comment_image,78,10,57,1,56,11,5,1,31,5,5,5,4,3,0.19,18,60,119,114,233,78,1464.4987169949,17.1,0.0584795321637427,25042.9280606129,1391.27378114516,85.6431998242634,0.285322146487306
4299,E:\projects\pytypes2\subjects\InstaPy\instapy\instapy.py,instapy.instapy.InstaPy.set_dont_unfollow_active_users,20,4,11,3,8,5,3,1,6,3,3,3,3,1,0.45,10,18,33,28,61,28,293.248650245514,7.77777777777778,0.128571428571429,2280.82283524289,126.712379735716,37.7033978887089,0.0577572420109752
2868,E:\projects\pytypes2\subjects\InstaPy\instapy\like_util.py,instapy.like_util.like_image,57,12,37,1,36,8,8,1,30,7,7,7,6,3,0.22,18,50,112,105,217,68,1320.97943655132,18.9,0.0529100529100529,24966.51135082,1387.02840837889,69.8930918810224,0.284741424103877
5048,E:\projects\pytypes2\subjects\InstaPy\instapy\file_manager.py,instapy.file_manager.validate_path,13,2,10,1,9,1,3,1,7,3,3,3,3,2,0.10,12,19,27,26,53,31,262.572404450504,8.21052631578947,0.121794871794872,2155.85763654098,119.769868696721,31.9799723369204,0.0556278315636051
4520,E:\projects\pytypes2\subjects\InstaPy\instapy\quota_supervisor.py,instapy.quota_supervisor.stoch_randomizer,5,1,3,1,2,1,1,1,2,1,1,1,1,0,0.33,10,10,14,14,28,20,121.013986656846,7,0.142857142857143,847.097906597923,47.0609948109957,17.2877123795495,0.029842450644413
3624,E:\projects\pytypes2\subjects\InstaPy\instapy\monkey_patcher.py,instapy.monkey_patcher.patch_all,2,0,2,1,1,0,1,1,1,1,1,1,1,0,0.00,3,2,4,2,6,5,13.9315685693242,1.5,0.666666666666667,20.8973528539863,1.16096404744368,9.28771237954945,0.00252894623185847
4312,E:\projects\pytypes2\subjects\InstaPy\instapy\time_util.py,instapy.time_util.set_sleep_percentage,4,0,4,2,2,0,1,2,2,1,1,1,1,0,0.00,8,7,10,11,21,15,82.0447025077789,6.28571428571429,0.159090909090909,515.709558620325,28.6505310344625,13.0525663080557,0.0214362525985729
2395,E:\projects\pytypes2\subjects\InstaPy\instapy\database_engine.py,instapy.database_engine.get_profile,30,4,23,1,22,3,6,1,17,4,4,4,1,3,0.13,16,26,56,54,110,42,593.154916505664,16.6153846153846,0.0601851851851852,9855.49707424795,547.527615235997,35.6991384933964,0.153225518927187
2794,E:\projects\pytypes2\subjects\InstaPy\instapy\instapy.py,instapy.instapy.InstaPy.join_pods,116,13,102,1,101,1,64,1,62,13,13,13,7,5,0.01,24,92,244,249,493,116,3380.98463059789,32.4782608695652,0.0307898259705489,109808.500828549,6100.47226825272,104.09992838521,0.764368392476229
1332,E:\projects\pytypes2\subjects\InstaPy\instapy\clarifai_util.py,instapy.clarifai_util.check_image,92,9,74,14,60,9,125,1,35,13,13,13,7,3,0.12,24,57,183,140,323,81,2047.77155093173,29.4736842105263,0.0339285714285714,60355.3720274616,3353.07622374787,69.4779633351838,0.512888190616419
2077,E:\projects\pytypes2\subjects\InstaPy\instapy\instapy.py,instapy.instapy.InstaPy.fetch_smart_comments,10,1,8,1,7,1,3,1,5,3,3,3,1,1,0.12,11,9,23,21,44,20,190.164836175044,12.8333333333333,0.0779220779220779,2440.44873091306,135.580485050726,14.818039182471,0.0604215512248889
2995,E:\projects\pytypes2\subjects\InstaPy\instapy\instapy.py,instapy.instapy.InstaPy.live_report,71,5,65,1,64,1,4,1,11,3,3,3,1,1,0.02,14,52,112,122,234,66,1414.38822392988,16.4230769230769,0.0608899297423888,23228.6066006945,1290.47814448303,86.1219995835523,0.271369385474794
3938,E:\projects\pytypes2\subjects\InstaPy\instapy\xpath.py,instapy.xpath.read_xpath,2,0,2,1,1,0,1,1,1,1,1,1,1,0,0.00,6,4,7,6,13,10,43.1850652335357,4.5,0.222222222222222,194.332793550911,10.7962663083839,9.59668116300794,0.0111834587733184
2374,E:\projects\pytypes2\subjects\InstaPy\instapy\unfollow_util.py,instapy.unfollow_util.get_given_user_followers,88,11,59,14,45,18,8,1,23,6,6,6,5,1,0.31,16,48,115,97,212,64,1272,16.1666666666667,0.0618556701030928,20564,1142.44444444444,78.680412371134,0.250197985585195
4289,E:\projects\pytypes2\subjects\InstaPy\instapy\instapy.py,instapy.instapy.InstaPy.set_comments,21,4,13,1,12,4,5,1,11,4,4,4,1,1,0.31,14,18,47,35,82,32,410,13.6111111111111,0.073469387755102,5580.55555555556,310.030864197531,30.1224489795918,0.104873002651132
1916,E:\projects\pytypes2\subjects\InstaPy\instapy\plugins\telegram_util.py,instapy.plugins.telegram_util.InstaPyTelegramBot.end,20,1,11,1,10,8,2,1,8,2,2,2,1,1,0.73,11,16,42,32,74,27,351.861675160097,11,0.0909090909090909,3870.47842676106,215.026579264504,31.9874250145542,0.0821716194196994
5085,E:\projects\pytypes2\subjects\InstaPy\instapy\unfollow_util.py,instapy.unfollow_util.verify_username_by_id,26,4,18,1,17,4,8,1,11,5,5,5,3,3,0.22,16,18,55,44,99,34,503.658821283784,19.5555555555556,0.0511363636363636,9849.32806066066,547.184892258926,25.7552806338298,0.153161571606473
2180,E:\projects\pytypes2\subjects\InstaPy\instapy\instapy.py,instapy.instapy.InstaPy.follow_commenters,117,17,91,9,82,10,69,1,62,11,11,11,7,5,0.11,26,93,234,254,488,119,3364.67106849428,35.505376344086,0.0281647486371896,119463.912560947,6636.88403116374,94.7651148909654,0.808543210780066
4300,E:\projects\pytypes2\subjects\InstaPy\instapy\unfollow_util.py,instapy.unfollow_util.set_followback_in_pool,8,1,5,1,4,2,1,1,2,1,1,1,1,0,0.40,5,11,20,21,41,16,164,4.77272727272727,0.20952380952381,782.727272727273,43.4848484848485,34.3619047619048,0.0283108161501007
5032,E:\projects\pytypes2\subjects\InstaPy\instapy\commenters_util.py,instapy.commenters_util.users_liked,10,1,9,1,8,0,2,1,8,2,2,2,1,1,0.00,10,14,22,21,43,24,197.15338753101,7.5,0.133333333333333,1478.65040648257,82.1472448045874,26.287118337468,0.0432635762915085
3863,E:\projects\pytypes2\subjects\InstaPy\instapy\browser.py,instapy.browser.proxy_authentication,23,2,16,1,15,5,2,1,8,2,2,2,1,1,0.31,8,24,30,32,62,32,310,5.33333333333333,0.1875,1653.33333333333,91.8518518518518,58.125,0.046607129921373
4793,E:\projects\pytypes2\subjects\InstaPy\instapy\unfollow_util.py,instapy.unfollow_util.unfollow,547,70,433,19,414,46,6160452,1,192,64,64,64,24,10,0.11,37,193,911,777,1688,230,13243.1872059941,74.479274611399,0.0134265539670945,986342.976645401,54796.8320358556,177.810367717615,3.30291489051161
3224,E:\projects\pytypes2\subjects\InstaPy\instapy\login_util.py,instapy.login_util.login_user,225,30,169,9,160,26,4906,1,90,20,20,20,10,2,0.15,22,104,354,297,651,126,4542.20923019845,31.4134615384615,0.0318334863789409,142686.514952484,7927.02860847133,144.594355659822,0.910194134290698
3611,E:\projects\pytypes2\subjects\InstaPy\instapy\util.py,instapy.util.parse_cli_args,90,8,77,1,76,5,2,1,21,2,2,2,1,1,0.06,13,72,144,135,279,85,1788.22007118242,12.1875,0.0820512820512821,21793.9321175357,1210.77400652976,146.725749430352,0.260077315954364
949,E:\projects\pytypes2\subjects\InstaPy\instapy\plugins\telegram_util.py,instapy.plugins.telegram_util.InstaPyTelegramBot._unknown,17,0,13,1,12,4,2,1,3,2,2,2,1,1,0.31,8,16,31,30,61,24,279.682712543991,7.5,0.133333333333333,2097.62034407993,116.534463559996,37.2910283391987,0.0546214640043332
4840,E:\projects\pytypes2\subjects\InstaPy\instapy\util.py,instapy.util.update_activity,105,14,69,3,66,22,32,1,37,8,8,8,1,4,0.32,22,68,149,136,285,90,1850.17813245396,22,0.0454545454545455,40703.9189139871,2261.32882855484,84.0990060206344,0.394429656711805
2381,E:\projects\pytypes2\subjects\InstaPy\instapy\like_util.py,instapy.like_util.get_links_for_location,152,19,120,3,117,17,2400,1,77,16,16,16,6,5,0.14,29,80,237,241,478,109,3235.19210724337,43.68125,0.0228931177564745,141317.235234525,7850.95751302914,74.0636338759392,0.904361710810689
2372,E:\projects\pytypes2\subjects\InstaPy\instapy\unfollow_util.py,instapy.unfollow_util.get_following_status,68,7,56,3,53,5,25,1,39,10,10,10,9,3,0.09,17,49,152,131,283,66,1710.56353577844,22.7244897959184,0.0440053884149079,38871.6836140673,2159.53797855929,75.2740128003086,0.382502530622651
2377,E:\projects\pytypes2\subjects\InstaPy\instapy\quota_supervisor.py,instapy.quota_supervisor.get_icons,39,5,31,1,30,3,1,1,10,1,1,1,1,0,0.10,15,31,67,56,123,46,679.398120595013,13.5483870967742,0.0738095238095238,9204.74873064211,511.374929480117,50.1460517582033,0.146404144247401
1334,E:\projects\pytypes2\subjects\InstaPy\instapy\like_util.py,instapy.like_util.check_link,209,24,161,12,149,36,43095,1,78,24,24,24,9,2,0.22,22,116,378,329,707,138,5025.72679094217,31.198275862069,0.0320530533296491,156794.010831204,8710.77837951135,161.089888850315,0.969240883995042
2179,E:\projects\pytypes2\subjects\InstaPy\instapy\instapy.py,instapy.instapy.InstaPy.follow_by_tags,151,18,120,11,109,14,304,1,63,16,16,16,10,7,0.12,31,97,310,280,590,128,4130,44.7422680412371,0.0223502304147465,184785.567010309,10265.8648339061,92.3064516129032,1.0814109842841
2042,E:\projects\pytypes2\subjects\InstaPy\instapy\util.py,instapy.util.explicit_wait,64,12,40,1,39,12,30,1,24,8,8,8,1,2,0.30,21,50,94,90,184,71,1131.55346998886,18.9,0.0529100529100529,21386.3605827895,1188.1311434883,59.8705539676646,0.256824628496439
2378,E:\projects\pytypes2\subjects\InstaPy\instapy\instapy.py,instapy.instapy.InstaPy.get_instapy_logger,38,5,27,1,26,6,5,1,22,4,4,4,1,2,0.22,15,33,80,82,162,48,904.763925116827,18.6363636363636,0.0536585365853659,16861.5095135409,936.750528530049,48.5483081770005,0.21918443650111
2138,E:\projects\pytypes2\subjects\InstaPy\instapy\browser.py,instapy.browser.custom_browser.find_element_by_xpath,4,0,3,1,2,1,1,1,2,1,1,1,1,0,0.33,9,8,16,13,29,17,118.53642239626,7.3125,0.136752136752137,866.79758877265,48.1554215984806,16.2101090456424,0.0303033430041436
2359,E:\projects\pytypes2\subjects\InstaPy\instapy\clarifai_util.py,instapy.clarifai_util.get_clarifai_tags,64,7,49,1,48,8,288,1,29,11,11,11,1,3,0.16,16,30,151,108,259,46,1430.60254661877,28.8,0.0347222222222222,41201.3533426205,2288.96407459003,49.6736995353738,0.397636643906558
4530,E:\projects\pytypes2\subjects\InstaPy\instapy\relationship_tools.py,instapy.relationship_tools.store_active_unfollowers,34,3,29,1,28,2,5,1,18,4,4,4,1,3,0.07,14,45,72,75,147,59,864.748528256191,11.6666666666667,0.0857142857142857,10088.7328296556,560.485157203087,74.1213024219592,0.155633526914549
945,E:\projects\pytypes2\subjects\InstaPy\instapy\plugins\telegram_util.py,instapy.plugins.telegram_util.InstaPyTelegramBot._report,12,0,6,1,5,6,2,1,3,2,2,2,1,1,1.00,7,13,24,24,48,20,207.452548554593,6.46153846153846,0.154761904761905,1340.46262142968,74.4701456349823,32.1057515620204,0.0405242716048335
4288,E:\projects\pytypes2\subjects\InstaPy\instapy\instapy.py,instapy.instapy.InstaPy.set_comment_replies,22,5,16,1,15,1,4,1,12,4,4,4,1,2,0.06,14,23,52,40,92,37,479.269709637863,12.1739130434783,0.0821428571428572,5834.58776950442,324.143764972468,39.3685832916816,0.108031945409486
4285,E:\projects\pytypes2\subjects\InstaPy\instapy\instapy.py,instapy.instapy.InstaPy.set_action_delays,27,0,26,13,13,1,1,1,1,1,1,1,1,0,0.04,10,27,68,45,113,37,588.668230316071,8.33333333333333,0.12,4905.56858596726,272.531588109292,70.6401876379286,0.0962361661600604
4531,E:\projects\pytypes2\subjects\InstaPy\instapy\relationship_tools.py,instapy.relationship_tools.store_all_unfollowers,31,3,26,1,25,2,5,1,18,4,4,4,1,3,0.08,14,45,71,75,146,59,858.865885206829,11.6666666666667,0.0857142857142857,10020.1019940797,556.672333004426,73.617075874871,0.154926903251114
3732,E:\projects\pytypes2\subjects\InstaPy\instapy\instapy.py,instapy.instapy.InstaPy.pick_unfollowers,33,3,24,9,15,6,1,1,4,1,1,1,1,0,0.25,10,26,55,48,103,36,532.502275148558,9.23076923076923,0.108333333333333,4915.40561675592,273.078089819773,57.6877464744271,0.0963647767383399
2428,E:\projects\pytypes2\subjects\InstaPy\instapy\clarifai_util.py,instapy.clarifai_util.given_tags_in_result,6,0,5,1,4,1,2,1,3,2,2,2,1,1,0.20,12,8,23,16,39,20,168.555195700607,12,0.0833333333333333,2022.66234840729,112.370130467071,14.0462663083839,0.0533123310346246
2675,E:\projects\pytypes2\subjects\InstaPy\instapy\util.py,instapy.util.interruption_handler,21,3,16,7,9,2,8,1,8,4,4,4,1,2,0.12,15,12,47,27,74,27,351.861675160097,16.875,0.0592592592592593,5937.66576832663,329.870320462591,20.8510622317094,0.109300607786443
3037,E:\projects\pytypes2\subjects\InstaPy\instapy\print_log_writer.py,instapy.print_log_writer.log_record_all_unfollowed,11,0,9,1,8,2,2,1,6,2,2,2,1,3,0.22,9,19,31,27,58,28,278.826585479341,6.39473684210526,0.156378600823045,1783.02263872315,99.0568132623975,43.6025113095266,0.0490136054187295
3042,E:\projects\pytypes2\subjects\InstaPy\instapy\print_log_writer.py,instapy.print_log_writer.log_uncertain_unfollowed_pool,11,0,9,1,8,2,2,1,6,2,2,2,1,3,0.22,9,21,35,31,66,30,323.854779310162,6.64285714285714,0.150537634408602,2151.32103398894,119.517835221608,48.7523323692717,0.0555497651986827
2858,E:\projects\pytypes2\subjects\InstaPy\instapy\instapy.py,instapy.instapy.InstaPy.like_by_feed_generator,315,38,261,7,254,16,39328,1,122,34,34,34,18,10,0.06,34,148,530,485,1015,182,7620.41155980168,55.7094594594595,0.0179502728926622,424529.008855168,23584.9449363982,136.788467052838,1.88285550781042
5081,E:\projects\pytypes2\subjects\InstaPy\instapy\comment_util.py,instapy.comment_util.verify_commenting,63,10,49,1,48,4,17,1,27,10,10,10,8,2,0.08,23,35,133,87,220,58,1288.75581892807,28.5857142857143,0.0349825087456272,36840.0056239294,2046.66697910719,45.083911706629,0.36905566021276
3849,E:\projects\pytypes2\subjects\InstaPy\instapy\util.py,instapy.util.progress_tracker,63,8,54,1,53,1,5,1,24,5,5,5,1,2,0.02,25,54,131,122,253,79,1594.85652928881,28.2407407407407,0.0354098360655738,45039.9297623228,2502.21832012904,56.4736082502266,0.42196576292674
1410,E:\projects\pytypes2\subjects\InstaPy\instapy\instapy.py,instapy.instapy.InstaPy.comment_by_locations,200,26,164,7,157,11,1462,1,80,21,21,21,11,10,0.07,30,118,379,349,728,148,5248.48205017788,44.364406779661,0.0225405921680993,232845.79264984,12935.8773694356,118.303893394649,1.26160773181725
1596,E:\projects\pytypes2\subjects\InstaPy\instapy\database_engine.py,instapy.database_engine.create_tables,18,5,13,1,12,0,64,1,12,7,7,7,1,1,0.00,7,16,34,33,67,23,303.07865105582,7.21875,0.138528138528139,2187.8490123092,121.547167350511,41.984921358382,0.0561767973995686
4638,E:\projects\pytypes2\subjects\InstaPy\instapy\plugins\telegram_util.py,instapy.plugins.telegram_util.InstaPyTelegramBot.telegram_delete_session,7,0,2,1,1,5,1,1,1,1,1,1,1,0,2.50,4,8,8,9,17,12,60.9443625122597,2.25,0.444444444444444,137.124815652584,7.61804531403246,27.0863833387821,0.00886385785927651
5086,E:\projects\pytypes2\subjects\InstaPy\instapy\file_manager.py,instapy.file_manager.verify_workspace_name,18,3,14,1,13,1,3,1,10,3,3,3,1,2,0.07,14,17,44,40,84,31,416.152490072498,16.4705882352941,0.0607142857142857,6854.27630707643,380.793128170913,25.2664011829731,0.12027807911954
4064,E:\projects\pytypes2\subjects\InstaPy\instapy\browser.py,instapy.browser.retry,65,15,39,3,36,11,1,3,36,1,1,1,1,0,0.28,26,29,98,67,165,55,953.924352731569,30.0344827586207,0.0332950631458094,28650.6245251447,1591.70136250804,31.760971560523,0.312105537415212
2183,E:\projects\pytypes2\subjects\InstaPy\instapy\instapy.py,instapy.instapy.InstaPy.follow_likers,122,17,96,9,87,10,489,1,66,14,14,14,8,5,0.10,26,92,239,253,492,118,3386.26038028603,35.75,0.027972027972028,121058.808595225,6725.48936640141,94.7205700779308,0.815723565638719
4304,E:\projects\pytypes2\subjects\InstaPy\instapy\instapy.py,instapy.instapy.InstaPy.set_mandatory_words,15,3,10,1,9,2,3,1,7,3,3,3,1,1,0.20,11,12,25,22,47,23,212.60741193468,10.0833333333333,0.0991735537190083,2143.79140367469,119.099522426371,21.0850325885633,0.0554200732372393
4294,E:\projects\pytypes2\subjects\InstaPy\instapy\instapy.py,instapy.instapy.InstaPy.set_do_like,8,2,6,1,5,0,2,1,5,2,2,2,1,1,0.00,9,12,21,19,40,21,175.69269691115,7.125,0.140350877192982,1251.81046549195,69.5450258606637,24.6586241278808,0.0387172465430616
3218,E:\projects\pytypes2\subjects\InstaPy\instapy\instapy.py,instapy.instapy.InstaPy.login,50,5,33,1,32,12,3,1,17,3,3,3,1,1,0.36,14,34,83,87,170,48,949.443625122597,17.9117647058824,0.0558292282430213,17006.2108146959,944.789489705329,53.0067048508511,0.220436640789435
1796,E:\projects\pytypes2\subjects\InstaPy\instapy\login_util.py,instapy.login_util.dismiss_this_was_me,12,0,9,1,8,3,2,1,6,2,2,2,1,1,0.33,10,14,26,19,45,24,206.323312532452,6.78571428571429,0.147368421052632,1400.05104932735,77.7806138515196,30.4055407942561,0.0417165123688812
2403,E:\projects\pytypes2\subjects\InstaPy\instapy\like_util.py,instapy.like_util.get_tags,32,7,22,1,21,4,4,1,11,3,3,3,1,1,0.18,11,18,31,33,64,29,310.910783688165,10.0833333333333,0.0991735537190083,3135.01706885566,174.167614936426,30.8341273079172,0.0714011738562458
4147,E:\projects\pytypes2\subjects\InstaPy\instapy\database_engine.py,instapy.database_engine.select_profile_by_username,5,1,4,1,3,0,1,1,3,1,1,1,1,0,0.00,8,8,13,12,25,16,100,6,0.166666666666667,600,33.3333333333333,16.6666666666667,0.0237126220299337
2210,E:\projects\pytypes2\subjects\InstaPy\instapy\unfollow_util.py,instapy.unfollow_util.follow_user,90,18,62,1,61,11,31,1,42,16,16,16,9,3,0.18,18,78,199,171,370,96,2436.43612526683,19.7307692307692,0.050682261208577,48072.7589331493,2670.70882961941,123.484092118787,0.440701751798088
3030,E:\projects\pytypes2\subjects\InstaPy\instapy\print_log_writer.py,instapy.print_log_writer.log_followed_pool,15,2,10,1,9,3,2,1,7,2,2,2,1,3,0.30,9,22,41,38,79,31,391.381508520563,7.77272727272727,0.128654970760234,3042.10172531892,169.005651406607,50.3531765348093,0.0699833240880971
2305,E:\projects\pytypes2\subjects\InstaPy\instapy\util.py,instapy.util.format_number,18,2,10,1,9,6,1,1,5,1,1,1,1,0,0.60,10,17,29,33,62,27,294.803025134135,9.70588235294118,0.103030303030303,2861.32347924308,158.962415513504,30.37364501382,0.0671825861428707
2663,E:\projects\pytypes2\subjects\InstaPy\instapy\instapy.py,instapy.instapy.InstaPy.interact_by_comments,361,42,286,10,276,33,1364265,1,147,31,31,31,22,7,0.12,31,180,659,639,1298,211,10021.9867469419,55.025,0.0181735574738755,551459.82075048,30636.65670836,182.135152147968,2.24158216314944
2642,E:\projects\pytypes2\subjects\InstaPy\instapy\quota_supervisor.py,instapy.quota_supervisor.inspector,43,11,26,1,25,6,75,1,24,10,10,10,7,2,0.23,17,21,92,64,156,38,818.676692097199,25.9047619047619,0.0386029411764706,21207.624785756,1178.20137698645,31.6033281875757,0.255391692365362
2867,E:\projects\pytypes2\subjects\InstaPy\instapy\instapy.py,instapy.instapy.InstaPy.like_from_image,21,2,18,1,17,1,4,1,15,4,4,4,3,2,0.06,15,31,62,60,122,46,673.874558638956,14.5161290322581,0.0688888888888889,9782.05004475903,543.447224708835,46.4224695951281,0.152463305800474
1770,E:\projects\pytypes2\subjects\InstaPy\instapy\file_manager.py,instapy.file_manager.differ_paths,12,3,8,1,7,1,4,1,7,3,3,3,1,1,0.12,12,9,36,32,68,21,298.677584748956,21.3333333333333,0.046875,6371.78847464439,353.988248591355,14.0005117851073,0.11456526885689
5018,E:\projects\pytypes2\subjects\InstaPy\instapy\util.py,instapy.util.username_url_to_username,4,0,4,1,3,0,1,1,3,1,1,1,1,0,0.00,8,10,12,13,25,18,104.248125036058,5.2,0.192307692307692,542.090250187501,30.1161250104167,20.047716353088,0.0221611933483985
4309,E:\projects\pytypes2\subjects\InstaPy\instapy\instapy.py,instapy.instapy.InstaPy.set_selenium_remote_session,28,4,15,3,12,9,3,1,8,3,3,3,1,1,0.60,10,22,36,33,69,32,345,7.5,0.133333333333333,2587.5,143.75,46,0.0628249740083385
546,E:\projects\pytypes2\subjects\InstaPy\instapy\event.py,instapy.event.Event.__init__,2,0,2,1,1,0,1,1,1,1,1,1,1,0,0.00,4,2,4,2,6,6,15.5097750043269,2,0.5,31.0195500086539,1.7233083338141,7.75488750216347,0.00329080696264077
2382,E:\projects\pytypes2\subjects\InstaPy\instapy\like_util.py,instapy.like_util.get_links_for_tag,169,24,132,1,131,18,38400,1,90,21,21,21,6,5,0.14,30,90,274,275,549,120,3791.88293698908,45.8333333333333,0.0218181818181818,173794.634611999,9655.25747844441,82.731991352489,1.03809314163421
1708,E:\projects\pytypes2\subjects\InstaPy\instapy\util.py,instapy.util.deform_emojis,28,4,21,1,20,5,4,1,18,4,4,4,1,3,0.24,14,26,53,57,110,40,585.41209043761,15.3461538461538,0.0651629072681704,8983.82400325409,499.101333514116,38.1471537628518,0.144052091708358
2396,E:\projects\pytypes2\subjects\InstaPy\instapy\util.py,instapy.util.get_query_hash,12,0,9,1,8,3,2,1,7,2,2,2,1,1,0.33,10,15,21,23,44,25,204.329672350088,7.66666666666667,0.130434782608696,1566.52748801734,87.0293048898522,26.6516963934897,0.0449611514783424
3951,E:\projects\pytypes2\subjects\InstaPy\instapy\browser.py,instapy.browser.retry.real_decorator,56,13,37,2,35,6,1,2,35,1,1,1,1,0,0.16,26,26,90,61,151,52,860.766397439305,30.5,0.0327868852459016,26253.3751218988,1458.52084010549,28.2218490963707,0.294443637738178
3730,E:\projects\pytypes2\subjects\InstaPy\instapy\instapy.py,instapy.instapy.InstaPy.pick_mutual_following,23,3,15,3,12,5,1,1,4,1,1,1,1,0,0.33,10,20,39,35,74,30,363.10990407503,8.75,0.114285714285714,3177.21166065652,176.511758925362,41.498274751432,0.0720404102158073
4772,E:\projects\pytypes2\subjects\InstaPy\instapy\util.py,instapy.util.truncate_float,23,7,12,1,11,5,3,1,9,3,3,3,1,2,0.42,14,15,28,28,56,29,272.046935727144,13.0666666666667,0.076530612244898,3554.74662683468,197.485923713038,20.8199185505467,0.0776398186800104
1723,E:\projects\pytypes2\subjects\InstaPy\instapy\util.py,instapy.util.delete_line_from_file,64,12,46,1,45,6,65,1,36,11,11,11,1,4,0.13,22,51,135,127,262,73,1621.73403442656,27.3921568627451,0.0365068002863278,44422.7930606649,2467.93294781472,59.2043205123513,0.41810239247924
3939,E:\projects\pytypes2\subjects\InstaPy\setup.py,setup.readall,3,0,3,1,2,0,1,1,2,1,1,1,1,1,0.00,10,10,17,12,29,20,125.335914751734,6,0.166666666666667,752.015488510401,41.7786382505778,20.8893191252889,0.0275653346245279
4322,E:\projects\pytypes2\subjects\InstaPy\instapy\file_manager.py,instapy.file_manager.set_workspace,43,4,38,1,37,1,4,1,15,4,4,4,1,3,0.03,11,25,68,65,133,36,687.600025191828,14.3,0.0699300699300699,9832.68036024313,546.260020013507,48.0839178455823,0.152988936696757
2861,E:\projects\pytypes2\subjects\InstaPy\instapy\instapy.py,instapy.instapy.InstaPy.like_by_users,255,36,209,7,202,10,75171,1,105,29,29,29,16,9,0.05,31,138,486,446,932,169,6897.619634615,50.0942028985507,0.0199623897005642,345530.757493431,19196.1531940795,137.692971152447,1.64135763663401
1394,E:\projects\pytypes2\subjects\InstaPy\instapy\browser.py,instapy.browser.close_browser,21,1,18,1,17,2,9,1,11,5,5,5,1,3,0.11,11,21,45,39,84,32,420,10.2142857142857,0.0979020979020979,4290,238.333333333333,41.1188811188811,0.0880069438965016
2383,E:\projects\pytypes2\subjects\InstaPy\instapy\like_util.py,instapy.like_util.get_links_for_username,102,15,71,11,60,16,108,1,41,11,11,11,6,3,0.23,27,63,174,148,322,90,2090.37669701816,31.7142857142857,0.0315315315315315,66294.8038197187,3683.04465665104,65.9127787348067,0.546007244639288
4261,E:\projects\pytypes2\subjects\InstaPy\instapy\quota_supervisor.py,instapy.quota_supervisor.send_message,46,5,40,1,39,1,6,1,9,6,6,6,1,2,0.03,13,43,69,68,137,56,795.607624321892,10.2790697674419,0.0972850678733032,8178.1062779134,454.339237661856,77.4007417326727,0.135305020684703
3982,E:\projects\pytypes2\subjects\InstaPy\instapy\unfollow_util.py,instapy.unfollow_util.refresh_follow_time_in_pool,15,2,10,3,7,3,1,1,3,1,1,1,1,0,0.30,7,18,29,29,58,25,269.343659006934,5.63888888888889,0.177339901477832,1518.79896606688,84.3777203370488,47.7653779519686,0.0440432076033506
2354,E:\projects\pytypes2\subjects\InstaPy\instapy\util.py,instapy.util.get_active_users,255,33,203,1,202,25,277976,1,123,28,28,28,10,6,0.12,37,113,400,360,760,150,5493.90220477687,58.9380530973451,0.016966966966967,323799.899856761,17988.8833253756,93.2148572281961,1.57179734921431
1531,E:\projects\pytypes2\subjects\InstaPy\instapy\unfollow_util.py,instapy.unfollow_util.confirm_unfollow,25,4,18,1,17,4,6,1,14,6,6,6,5,3,0.22,15,21,40,36,76,36,392.914300109616,12.8571428571429,0.0777777777777778,5051.75528712363,280.653071506868,30.5600011196368,0.0981386956947489
4316,E:\projects\pytypes2\subjects\InstaPy\instapy\instapy.py,instapy.instapy.InstaPy.set_switch_language,3,0,3,1,2,0,1,1,2,1,1,1,1,0,0.00,8,5,10,8,18,13,66.6079149265397,6.4,0.15625,426.290655529854,23.682814196103,10.4074867072718,0.0188806070585676
2074,E:\projects\pytypes2\subjects\InstaPy\instapy\instapy.py,instapy.instapy.InstaPy.feature_in_feature,14,2,6,1,5,6,1,1,4,1,1,1,1,1,1.00,11,8,18,14,32,19,135.933680430195,9.625,0.103896103896104,1308.36167414062,72.6867596744791,14.1229797849553,0.0398746870733302
2369,E:\projects\pytypes2\subjects\InstaPy\instapy\unfollow_util.py,instapy.unfollow_util.get_follow_requests,56,10,45,1,44,1,27,1,26,7,7,7,5,2,0.02,21,38,80,77,157,59,923.574958749809,21.2763157894737,0.0470006184291899,19650.2724776111,1091.68180431173,43.4085942269545,0.242730562974441
5082,E:\projects\pytypes2\subjects\InstaPy\instapy\database_engine.py,instapy.database_engine.verify_database_directories,4,0,4,1,3,0,2,1,3,2,2,2,1,1,0.00,7,8,15,14,29,15,113.299827272647,6.125,0.163265306122449,693.961442044963,38.5534134469424,18.4979309832893,0.0261277676814125
2493,E:\projects\pytypes2\subjects\InstaPy\instapy\util.py,instapy.util.highlight_print,72,12,42,3,39,19,196,1,29,15,15,15,1,2,0.45,18,42,121,104,225,60,1329.05038401192,22.2857142857143,0.0448717948717949,29618.8371294084,1645.4909516338,59.6368762056629,0.319097999138822
4637,E:\projects\pytypes2\subjects\InstaPy\instapy\plugins\telegram_util.py,instapy.plugins.telegram_util.InstaPyTelegramBot.telegram_bot,53,3,45,1,44,5,7,1,28,6,6,6,4,1,0.11,14,46,111,106,217,60,1281.79525924705,16.1304347826087,0.0619946091644205,20675.9148339415,1148.66193521897,79.4643961258278,0.251104927464314
948,E:\projects\pytypes2\subjects\InstaPy\instapy\plugins\telegram_util.py,instapy.plugins.telegram_util.InstaPyTelegramBot._stop,13,0,7,1,6,6,2,1,4,2,2,2,1,1,0.86,8,15,26,26,52,23,235.225221714965,6.93333333333333,0.144230769230769,1630.89487055709,90.6052705865049,33.9267146704276,0.0461844798190576
4319,E:\projects\pytypes2\subjects\InstaPy\instapy\instapy.py,instapy.instapy.InstaPy.set_use_yandex,37,6,29,7,22,2,8,1,12,5,5,5,1,3,0.07,16,29,87,64,151,45,829.269817545781,17.6551724137931,0.056640625,14640.9016063255,813.38342257364,46.970360759429,0.19949129976243
4306,E:\projects\pytypes2\subjects\InstaPy\instapy\instapy.py,instapy.instapy.InstaPy.set_quota_supervisor,67,6,54,18,36,8,4,1,11,3,3,3,1,1,0.15,14,54,149,105,254,68,1546.21556167759,13.6111111111111,0.073469387755102,21045.7118117227,1169.20621176237,113.599510653863,0.254090147117805
2408,E:\projects\pytypes2\subjects\InstaPy\instapy\util.py,instapy.util.get_username,32,7,23,1,22,2,9,1,15,5,5,5,1,2,0.09,15,22,46,43,89,37,463.641349540977,14.6590909090909,0.0682170542635659,6796.56069213477,377.586705118598,31.6282471004697,0.119601936528541
1917,E:\projects\pytypes2\subjects\InstaPy\instapy\instapy.py,instapy.instapy.InstaPy.end,24,6,14,1,13,4,2,1,13,2,2,2,1,2,0.29,10,35,60,61,121,45,664.514224655891,8.71428571428572,0.114754098360656,5790.76681485848,321.709267492138,76.255730698217,0.107490346592583
4011,E:\projects\pytypes2\subjects\InstaPy\instapy\util.py,instapy.util.remove_extra_spaces,5,1,3,1,2,1,1,1,2,1,1,1,1,0,0.33,7,8,9,10,19,15,74.2309213165619,4.375,0.228571428571429,324.760280759958,18.0422378199977,16.9670677294999,0.0157490375112045
5195,E:\projects\pytypes2\subjects\InstaPy\instapy\text_analytics.py,instapy.text_analytics.yandex_supported_languages,39,6,24,1,23,9,5,1,17,4,4,4,4,2,0.38,17,36,61,56,117,53,670.166693183894,13.2222222222222,0.0756302521008403,8861.09294320927,492.282941289404,50.6848759550844,0.142737123313268
2370,E:\projects\pytypes2\subjects\InstaPy\instapy\relationship_tools.py,instapy.relationship_tools.get_followers,277,42,220,10,210,15,85864,1,128,24,24,24,7,7,0.07,38,172,519,495,1014,210,7822.24495491345,54.6802325581395,0.0182881446039341,427722.173261401,23762.3429589667,143.054346862851,1.89228518180756
2386,E:\projects\pytypes2\subjects\InstaPy\instapy\file_manager.py,instapy.file_manager.get_logfolder,8,1,7,1,6,0,2,1,5,2,2,2,1,1,0.00,10,10,19,18,37,20,159.911339510832,9,0.111111111111111,1439.20205559749,79.9556697554162,17.7679266123147,0.0424906386786415
3008,E:\projects\pytypes2\subjects\InstaPy\instapy\settings.py,instapy.settings.localize_path,9,2,6,1,5,1,2,1,4,2,2,2,1,1,0.17,11,7,17,11,28,18,116.757900040385,8.64285714285714,0.115702479338843,1009.12185034904,56.0623250193911,13.5091785170693,0.0335357341833152
4521,E:\projects\pytypes2\subjects\InstaPy\instapy\quota_supervisor.py,instapy.quota_supervisor.stochast_values,13,2,9,1,8,2,2,1,4,2,2,2,1,1,0.22,12,10,25,22,47,22,209.593286075953,13.2,0.0757575757575757,2766.63137620258,153.701743122366,15.8782792481783,0.0656920695341718
1328,E:\projects\pytypes2\subjects\InstaPy\instapy\login_util.py,instapy.login_util.check_browser,105,5,94,1,93,6,5,1,42,5,5,5,4,2,0.06,19,65,186,177,363,84,2320.41122446869,25.8692307692308,0.0386559619387452,60027.2534452939,3334.84741362744,89.6977279752987,0.511027643754717
2358,E:\projects\pytypes2\subjects\InstaPy\instapy\clarifai_util.py,instapy.clarifai_util.get_clarifai_response,45,2,32,1,31,11,3,1,8,3,3,3,1,1,0.34,15,43,86,80,166,58,972.424845191177,13.953488372093,0.0716666666666667,13568.7187701094,753.817709450525,69.690447238701,0.189628949615692
5130,E:\projects\pytypes2\subjects\InstaPy\instapy\browser.py,instapy.browser.retry.real_decorator.wrapper,53,12,35,1,34,6,50,1,34,11,11,11,10,3,0.17,26,25,86,58,144,51,816.829249243895,30.16,0.0331564986737401,24635.5701571959,1368.64278651088,27.0831979192273,0.282219590396859
5047,E:\projects\pytypes2\subjects\InstaPy\instapy\database_engine.py,instapy.database_engine.validate_database_address,9,0,9,1,8,0,2,1,8,2,2,2,1,1,0.00,12,11,25,27,52,23,235.225221714965,14.7272727272727,0.0679012345679012,3464.22599252948,192.456999584971,15.9720829559544,0.0763161095182252
1927,E:\projects\pytypes2\subjects\InstaPy\instapy\instapy.py,instapy.instapy.InstaPy.engage_with_posts,77,11,66,1,65,0,28,1,26,10,10,10,7,5,0.00,24,65,163,151,314,89,2033.38029732345,27.8769230769231,0.0358719646799117,56684.3861346168,3149.13256303426,72.9413462064151,0.491874578043081
3736,E:\projects\pytypes2\subjects\InstaPy\instapy\util.py,instapy.util.ping_server,35,6,21,1,20,8,6,1,16,4,4,4,1,2,0.38,20,33,70,56,126,53,721.717977274963,16.969696969697,0.0589285714285714,12247.3353719388,680.407520663265,42.5298093751318,0.177108668840196
1327,E:\projects\pytypes2\subjects\InstaPy\instapy\util.py,instapy.util.check_authorization,59,11,42,1,41,6,110,1,29,10,10,10,3,3,0.14,19,29,95,69,164,48,915.93385011827,22.6034482758621,0.0442410373760488,20703.2634052595,1150.1813002922,40.5218636970707,0.251326307365259
1595,E:\projects\pytypes2\subjects\InstaPy\proxy_extension.py,proxy_extension.create_proxy_extension,74,7,66,1,65,1,2,1,14,2,2,2,1,1,0.02,14,32,62,66,128,46,707.015930375298,14.4375,0.0692640692640693,10207.5424947934,567.085694155187,48.970800372315,0.156853016915687
2367,E:\projects\pytypes2\subjects\InstaPy\instapy\util.py,instapy.util.get_epoch_time_diff,14,2,11,1,10,1,2,1,8,2,2,2,1,1,0.09,11,16,40,33,73,27,347.106787657933,11.34375,0.0881542699724518,3937.49262249468,218.749590138593,30.5989454684679,0.0831173931921704
4656,E:\projects\pytypes2\subjects\InstaPy\tests\test_action_delays.py,test_action_delays.test_default_values_returned,5,0,5,1,4,0,1,1,4,1,1,1,1,0,0.00,6,10,19,17,36,16,144,5.1,0.196078431372549,734.4,40.8,28.2352941176471,0.0271331692638725
2232,E:\projects\pytypes2\subjects\InstaPy\instapy\event.py,instapy.event.Event.followed,2,0,2,1,1,0,1,1,1,1,1,1,1,0,0.00,5,5,9,9,18,10,59.7947057079725,4.5,0.222222222222222,269.076175685876,14.9486764269931,13.2877123795495,0.0138929853035275
938,E:\projects\pytypes2\subjects\InstaPy\instapy\plugins\telegram_util.py,instapy.plugins.telegram_util.InstaPyTelegramBot._check_authorized,18,0,12,1,11,6,2,1,5,2,2,2,1,1,0.50,12,18,34,28,62,30,304.227216927728,9.33333333333333,0.107142857142857,2839.4540246588,157.747445814378,32.5957732422566,0.0668398252912714
1427,E:\projects\pytypes2\subjects\InstaPy\instapy\pods_util.py,instapy.pods_util.comment_restriction,66,9,51,1,50,6,11,1,26,8,8,8,6,4,0.12,24,49,114,94,208,73,1287.48350824704,23.0204081632653,0.0434397163120567,29638.3958633197,1646.57754796221,55.9279183547031,0.319238460790359
2402,E:\projects\pytypes2\subjects\InstaPy\instapy\story_util.py,instapy.story_util.get_story_data,156,15,126,1,125,16,301,1,72,18,18,18,14,7,0.13,28,118,310,280,590,146,4241.99648973921,33.2203389830508,0.0301020408163265,140920.561354048,7828.92007522491,127.692751476844,0.902668571231262
2860,E:\projects\pytypes2\subjects\InstaPy\instapy\instapy.py,instapy.instapy.InstaPy.like_by_tags,257,34,209,11,198,15,16024,1,101,27,27,27,13,9,0.07,32,143,507,460,967,175,7205.32114514186,51.4685314685315,0.019429347826087,370847.298099609,20602.6276722005,139.99469072762,1.72058246047544
4342,E:\projects\pytypes2\subjects\InstaPy\instapy\pods_util.py,instapy.pods_util.share_with_pods_restriction,66,9,51,1,50,6,11,1,26,8,8,8,6,4,0.12,24,49,114,94,208,73,1287.48350824704,23.0204081632653,0.0434397163120567,29638.3958633197,1646.57754796221,55.9279183547031,0.319238460790359
4632,E:\projects\pytypes2\subjects\InstaPy\instapy\util.py,instapy.util.take_rotative_screenshot,17,2,10,2,8,5,3,2,6,3,3,3,1,1,0.50,12,13,27,28,55,25,255.41209043761,12.9230769230769,0.0773809523809524,3300.71009180911,183.372782878284,19.7640308076722,0.0738953310819167
4298,E:\projects\pytypes2\subjects\InstaPy\instapy\instapy.py,instapy.instapy.InstaPy.set_dont_like,14,3,8,1,7,3,3,1,7,3,3,3,1,1,0.38,11,12,25,22,47,23,212.60741193468,10.0833333333333,0.0991735537190083,2143.79140367469,119.099522426371,21.0850325885633,0.0554200732372393
943,E:\projects\pytypes2\subjects\InstaPy\instapy\util.py,instapy.util.CustomizedArgumentParser._get_option_tuples,13,1,2,1,1,10,1,1,1,1,1,1,1,0,5.00,6,4,6,4,10,10,33.2192809488736,3,0.333333333333333,99.6578428466209,5.53654682481227,11.0730936496245,0.00716505838337774
2701,E:\projects\pytypes2\subjects\InstaPy\instapy\comment_util.py,instapy.comment_util.is_commenting_enabled,30,6,23,1,22,1,5,1,14,4,4,4,4,2,0.04,15,23,45,36,81,38,425.08212858893,11.7391304347826,0.0851851851851852,4990.09455300049,277.227475166694,36.2106998427607,0.0973384878317964
2361,E:\projects\pytypes2\subjects\InstaPy\instapy\comment_util.py,instapy.comment_util.get_comments_count,32,5,26,1,25,1,7,1,17,5,5,5,5,2,0.04,16,26,51,46,97,42,523.05479000954,14.1538461538462,0.0706521739130435,7403.23702782733,411.290945990407,36.9549579898044,0.126617338818426
2375,E:\projects\pytypes2\subjects\InstaPy\instapy\unfollow_util.py,instapy.unfollow_util.get_given_user_following,124,16,102,14,88,6,37,1,42,11,11,11,9,5,0.06,17,65,179,150,329,82,2091.63460951935,19.6153846153846,0.0509803921568628,41028.2173405719,2279.34540780955,106.632352642163,0.396521898551795
3003,E:\projects\pytypes2\subjects\InstaPy\instapy\util.py,instapy.util.load_user_id,30,6,22,1,21,2,6,1,17,5,5,5,4,4,0.09,19,34,55,53,108,53,618.615409092826,14.8088235294118,0.0675273088381331,9160.96642583052,508.942579212807,41.7734337818393,0.145939528770023
4533,E:\projects\pytypes2\subjects\InstaPy\instapy\relationship_tools.py,instapy.relationship_tools.store_followers_data,31,3,25,1,24,3,5,1,18,4,4,4,1,3,0.12,14,44,73,75,148,58,866.981187278881,11.9318181818182,0.0838095238095238,10344.6618936685,574.703438537137,72.6612804576586,0.158254576871364
2352,E:\projects\pytypes2\subjects\InstaPy\instapy\util.py,instapy.util.get_action_delay,49,9,38,1,37,2,19,1,20,7,7,7,3,2,0.05,25,37,128,103,231,62,1375.41934769937,34.7972972972973,0.0287378640776699,47860.8759503496,2658.9375527972,39.5266142639818,0.43940585598563
2055,E:\projects\pytypes2\subjects\InstaPy\instapy\util.py,instapy.util.extract_text_from_element,8,1,6,1,5,1,2,1,4,2,2,2,1,1,0.17,11,6,17,14,31,17,126.711348078761,12.8333333333333,0.0779220779220779,1626.12896701076,90.3404981672645,9.87361153860472,0.0460944604792891
4266,E:\projects\pytypes2\subjects\InstaPy\instapy\text_analytics.py,instapy.text_analytics.sentiment_analysis,49,5,30,1,29,14,4,1,16,4,4,4,4,2,0.47,19,39,71,58,129,58,755.679548371457,14.1282051282051,0.0707803992740472,10676.3956705814,593.133092810075,53.4873001569634,0.161620030957296
4317,E:\projects\pytypes2\subjects\InstaPy\instapy\instapy.py,instapy.instapy.InstaPy.set_use_clarifai,41,7,26,11,15,8,7,1,14,5,5,5,1,1,0.31,16,31,80,61,141,47,783.197028086547,15.741935483871,0.0635245901639344,12329.0370872979,684.946504849883,49.7522702268093,0.177895454474603
994,E:\projects\pytypes2\subjects\InstaPy\instapy\database_engine.py,instapy.database_engine.add_profile,4,0,3,1,2,1,1,1,2,1,1,1,1,0,0.33,5,7,12,10,22,12,78.8691750158654,3.57142857142857,0.28,281.675625056662,15.6486458364812,22.0833690044423,0.0143233605136778
2404,E:\projects\pytypes2\subjects\InstaPy\instapy\time_util.py,instapy.time_util.get_time,21,6,13,1,12,2,14,1,11,6,6,6,1,2,0.15,16,20,49,43,92,36,475.633100132693,17.2,0.0581395348837209,8180.88932228231,454.493851237906,27.653087217017,0.13533571552683
733,E:\projects\pytypes2\subjects\InstaPy\instapy\event.py,instapy.event.Event.__new__,4,0,4,1,3,0,2,1,3,2,2,2,1,1,0.00,11,7,17,13,30,18,125.097750043269,10.2142857142857,0.0979020979020979,1277.78416115625,70.9880089531251,12.2473321720683,0.0392509716678971
4810,E:\projects\pytypes2\subjects\InstaPy\instapy\unfollow_util.py,instapy.unfollow_util.unfollow_user,114,13,93,11,82,11,21,1,38,13,13,13,9,3,0.12,18,65,182,160,342,83,2180.26348552065,22.1538461538462,0.0451388888888889,48301.2218330728,2683.40121294849,98.4146712214182,0.44209692058417
4766,E:\projects\pytypes2\subjects\InstaPy\instapy\text_analytics.py,instapy.text_analytics.translate_text,48,8,28,1,27,12,8,1,18,5,5,5,4,1,0.43,21,42,72,61,133,63,794.978229825489,15.25,0.0655737704918033,12123.4180048387,673.523222491039,52.1297199885567,0.175911999468585
1562,E:\projects\pytypes2\subjects\InstaPy\instapy\quota_supervisor.py,instapy.quota_supervisor.controller,46,9,35,1,34,2,16,1,24,6,6,6,4,3,0.06,20,43,87,84,171,63,1022.11486691849,19.5348837209302,0.0511904761904762,19966.8950746867,1109.27194859371,52.3225467589225,0.245331003780658
2410,E:\projects\pytypes2\subjects\InstaPy\instapy\util.py,instapy.util.get_users_from_dialog,16,2,10,1,9,4,1,1,5,1,1,1,1,0,0.40,14,12,23,22,45,26,211.519787316349,12.8333333333333,0.0779220779220779,2714.50393722648,150.80577429036,16.4820613493259,0.0648642990401841
4301,E:\projects\pytypes2\subjects\InstaPy\instapy\instapy.py,instapy.instapy.InstaPy.set_ignore_if_contains,9,2,5,1,4,2,2,1,4,2,2,2,1,1,0.40,9,7,14,12,26,16,104,7.71428571428571,0.12962962962963,802.285714285714,44.5714285714286,13.4814814814815,0.0287804856466306
1594,E:\projects\pytypes2\subjects\InstaPy\instapy\browser.py,instapy.browser.create_firefox_extension,11,2,8,1,7,1,2,1,7,2,2,2,1,2,0.12,14,23,39,35,74,37,385.499549056542,10.6521739130435,0.0938775510204082,4106.40823995012,228.13379110834,36.1897535848999,0.0854778310680927
2398,E:\projects\pytypes2\subjects\InstaPy\instapy\quota_supervisor.py,instapy.quota_supervisor.get_record,14,3,9,1,8,2,4,1,7,4,4,4,1,2,0.22,15,17,30,27,57,32,285,11.9117647058824,0.0839506172839506,3394.85294117647,188.602941176471,23.9259259259259,0.0752938300477056
2850,E:\projects\pytypes2\subjects\InstaPy\instapy\text_analytics.py,instapy.text_analytics.lift_meaningcloud_request,163,26,127,1,126,10,20,1,37,20,20,20,1,2,0.08,19,89,171,168,339,108,2289.90686323342,17.9325842696629,0.0557644110275689,41063.9477946127,2281.33043303404,127.695307536199,0.396752079189628
3470,E:\projects\pytypes2\subjects\InstaPy\instapy\util.py,instapy.util.new_tab,19,1,12,1,11,6,1,1,10,1,1,1,1,1,0.50,8,13,26,29,55,21,241.577458252832,8.92307692307692,0.112068965517241,2155.61424287142,119.75634682619,27.0733358386794,0.0556236446090795
2366,E:\projects\pytypes2\subjects\InstaPy\instapy\database_engine.py,instapy.database_engine.get_database,15,4,11,1,10,0,2,1,8,2,2,2,1,1,0.00,15,17,38,35,73,32,365,15.4411764705882,0.0647619047619048,5636.02941176471,313.112745098039,23.6380952380952,0.105566853959065
4449,E:\projects\pytypes2\subjects\InstaPy\instapy\util.py,instapy.util.smart_run,22,2,19,1,18,1,3,1,12,3,3,3,1,2,0.05,14,34,48,43,91,48,508.231587565625,8.85294117647059,0.112956810631229,4499.34434874274,249.963574930152,57.4082191934593,0.0908472042613528
4865,E:\projects\pytypes2\subjects\InstaPy\instapy\file_manager.py,instapy.file_manager.use_workspace,5,0,4,1,3,1,1,1,3,1,1,1,1,0,0.25,7,8,9,10,19,15,74.2309213165619,4.375,0.228571428571429,324.760280759958,18.0422378199977,16.9670677294999,0.0157490375112045
2380,E:\projects\pytypes2\subjects\InstaPy\instapy\like_util.py,instapy.like_util.get_links,37,3,31,1,30,3,10,1,21,8,8,8,1,6,0.10,19,39,83,76,159,58,931.418978225284,18.5128205128205,0.054016620498615,17243.1923661194,957.955131451075,50.3121054720029,0.222479770287059
2360,E:\projects\pytypes2\subjects\InstaPy\instapy\comment_util.py,instapy.comment_util.get_comment_input,11,2,9,1,8,0,2,1,4,2,2,2,1,1,0.00,9,10,20,20,40,19,169.917100537743,9,0.111111111111111,1529.25390483969,84.9585502688717,18.879677837527,0.0442450962321764
4287,E:\projects\pytypes2\subjects\InstaPy\instapy\instapy.py,instapy.instapy.InstaPy.set_blacklist,22,3,14,1,13,5,5,1,13,5,5,5,1,4,0.36,19,27,53,47,100,46,552.356195605701,16.537037037037,0.0604703247480403,9134.33486436836,507.463048020464,33.4011585248688,0.145656554035131
4320,E:\projects\pytypes2\subjects\InstaPy\instapy\instapy.py,instapy.instapy.InstaPy.set_user_interact,17,2,14,7,7,1,2,1,7,2,2,2,1,1,0.07,10,17,31,29,60,27,285.293250129808,8.52941176470588,0.117241379310345,2433.38360404836,135.187978002687,33.4481741531499,0.0603048808333353
1841,E:\projects\pytypes2\subjects\InstaPy\instapy\util.py,instapy.util.dump_record_activity,66,12,46,1,45,8,16,1,29,7,7,7,1,4,0.17,18,62,127,111,238,80,1504.61888658319,16.1129032258065,0.0620620620620621,24243.7785112356,1346.87658395753,93.3797507188768,0.279219417709416
2364,E:\projects\pytypes2\subjects\InstaPy\instapy\util.py,instapy.util.get_cord_location,13,2,11,1,10,0,1,1,8,1,1,1,1,0,0.00,8,25,32,38,70,33,353.107588355092,6.08,0.164473684210526,2146.89413719896,119.271896511053,58.0769059794559,0.0554735337455978
3559,E:\projects\pytypes2\subjects\InstaPy\instapy\comment_util.py,instapy.comment_util.open_comment_section,19,4,15,1,14,0,3,1,8,3,3,3,1,2,0.00,12,16,29,27,56,28,269.211875635226,10.125,0.0987654320987654,2725.77024080666,151.431680044815,26.5888272232322,0.0650436507314264
5080,E:\projects\pytypes2\subjects\InstaPy\instapy\unfollow_util.py,instapy.unfollow_util.verify_action,69,14,48,3,45,7,43,1,30,12,12,12,9,5,0.15,18,47,109,96,205,65,1234.58540167083,18.3829787234043,0.0543981481481482,22695.3571711404,1260.85317617447,67.159159581631,0.267200188313504
474,E:\projects\pytypes2\subjects\InstaPy\instapy\plugins\telegram_util.py,instapy.plugins.telegram_util.InstaPyTelegramBot.__init__,47,3,33,8,25,11,6,1,19,4,4,4,1,3,0.33,17,22,85,61,146,39,771.668723953888,23.5681818181818,0.0424300867888139,18186.8287895496,1010.3793771972,32.7419709295767,0.230524310047533
4135,E:\projects\pytypes2\subjects\InstaPy\instapy\unfollow_util.py,instapy.unfollow_util.scroll_to_bottom_of_followers_list,3,0,3,1,2,0,1,1,2,1,1,1,1,0,0.00,5,4,6,5,11,9,34.8691750158654,3.125,0.32,108.96617192458,6.05367621803219,11.1581360050769,0.00760454454094143
3590,E:\projects\pytypes2\subjects\InstaPy\instapy\monkey_patcher.py,instapy.monkey_patcher.patch_move_to_element.override_move_to_element,4,0,4,1,3,0,2,1,3,2,2,2,1,1,0.00,8,8,13,12,25,16,100,6,0.166666666666667,600,33.3333333333333,16.6666666666667,0.0237126220299337
3932,E:\projects\pytypes2\subjects\InstaPy\instapy\time_util.py,instapy.time_util.randomize_time,9,2,7,1,6,1,2,1,6,2,2,2,1,1,0.14,11,10,17,19,36,21,158.123427220035,10.45,0.0956937799043062,1652.38981444937,91.7994341360761,15.1314284421087,0.0465893964976526
5104,E:\projects\pytypes2\subjects\InstaPy\instapy\story_util.py,instapy.story_util.watch_story,42,9,24,1,23,9,8,1,16,4,4,4,3,1,0.38,13,34,62,64,126,47,699.878195311382,12.2352941176471,0.0817307692307692,8563.21556616279,475.734198120155,57.2015832706418,0.139520062840417
1292,E:\projects\pytypes2\subjects\InstaPy\instapy\login_util.py,instapy.login_util.bypass_suspicious_login,125,19,93,3,90,13,324,1,50,11,11,11,1,3,0.14,22,72,199,179,378,94,2477.63458593415,27.3472222222222,0.0365667851701371,67756.4236070046,3764.2457559447,90.5991316339556,0.554003355223212
4315,E:\projects\pytypes2\subjects\InstaPy\instapy\instapy.py,instapy.instapy.InstaPy.set_smart_location_hashtags,46,7,38,3,35,1,11,1,23,6,6,6,4,2,0.03,20,54,107,107,214,74,1328.8230202446,19.8148148148148,0.0504672897196262,26330.3820678096,1462.7990037672,67.0620963487927,0.295019135424706
939,E:\projects\pytypes2\subjects\InstaPy\instapy\plugins\telegram_util.py,instapy.plugins.telegram_util.InstaPyTelegramBot._clean_web_hooks,12,1,6,1,5,5,2,1,3,2,2,2,1,1,0.83,10,14,20,17,37,24,169.643612526683,6.07142857142857,0.164705882352941,1029.97907605486,57.2210597808255,27.9413008867478,0.0339962499293291
3731,E:\projects\pytypes2\subjects\InstaPy\instapy\instapy.py,instapy.instapy.InstaPy.pick_nonfollowers,20,3,15,3,12,2,1,1,4,1,1,1,1,0,0.13,10,20,39,35,74,30,363.10990407503,8.75,0.114285714285714,3177.21166065652,176.511758925362,41.498274751432,0.0720404102158073
1698,E:\projects\pytypes2\subjects\InstaPy\instapy\plugins\telegram_util.py,instapy.plugins.telegram_util.InstaPyTelegramBot.debug-getter,6,0,2,1,1,4,1,1,1,1,1,1,1,0,2.00,5,4,5,5,10,9,31.6992500144231,3.125,0.32,99.0601562950723,5.5033420163929,10.1437600046154,0.00713638192428737
2393,E:\projects\pytypes2\subjects\InstaPy\instapy\commenters_util.py,instapy.commenters_util.get_photo_urls_from_profile,34,3,28,3,25,3,6,1,16,4,4,4,1,2,0.11,14,34,62,61,123,48,686.950387588702,12.5588235294118,0.0796252927400468,8627.28869118752,479.293816177085,54.6986257096391,0.140215158055976
3032,E:\projects\pytypes2\subjects\InstaPy\instapy\print_log_writer.py,instapy.print_log_writer.log_following_num,33,6,25,1,24,2,3,1,15,3,3,3,1,2,0.08,13,30,49,49,98,43,531.773945960806,10.6166666666667,0.0941915227629513,5645.66672628389,313.648151460216,50.0885977357117,0.105687162208667
3793,E:\projects\pytypes2\subjects\InstaPy\instapy\unfollow_util.py,instapy.unfollow_util.post_unfollow_cleanup,27,4,18,3,15,5,12,1,11,5,5,5,1,2,0.28,10,24,50,50,100,34,508.746284125034,10.4166666666667,0.096,5299.44045963577,294.413358868654,48.8396432760033,0.101320834178486
2703,E:\projects\pytypes2\subjects\InstaPy\instapy\util.py,instapy.util.is_follow_me,7,1,5,1,4,1,2,1,4,2,2,2,1,1,0.20,9,9,16,14,30,18,125.097750043269,7,0.142857142857143,875.684250302886,48.649125016827,17.8711071490385,0.0305101098363152
1390,E:\projects\pytypes2\subjects\InstaPy\instapy\util.py,instapy.util.click_visibly,19,3,14,1,13,2,2,1,6,2,2,2,1,1,0.14,11,13,24,22,46,24,210.908275033173,9.30769230769231,0.107438016528926,1963.06932915492,109.059407175273,22.6595667391013,0.0522599717263598
4667,E:\projects\pytypes2\subjects\InstaPy\instapy\text_analytics.py,instapy.text_analytics.text_analysis,201,26,151,1,150,25,1430,1,70,25,25,25,21,4,0.17,23,71,327,256,583,94,3821.32530052806,41.4647887323944,0.024116847826087,158450.44626415,8802.80257023053,92.1583207668113,0.976055222944999
2356,E:\projects\pytypes2\subjects\InstaPy\instapy\util.py,instapy.util.get_bounding_box,38,5,32,3,29,1,4,1,24,4,4,4,4,1,0.03,17,31,74,77,151,48,843.329337608895,21.1129032258065,0.0473644003055768,17805.1306924201,989.17392735667,39.9437883359446,0.227287484691951
5098,E:\projects\pytypes2\subjects\InstaPy\instapy\browser.py,instapy.browser.custom_browser.wait_for_valid_authorization,18,2,13,1,12,3,3,1,11,3,3,3,3,2,0.23,16,19,32,30,62,35,318.015547050588,12.6315789473684,0.0791666666666667,4017.03848906006,223.168804947781,25.1762308081715,0.0842330915427737
4314,E:\projects\pytypes2\subjects\InstaPy\instapy\instapy.py,instapy.instapy.InstaPy.set_smart_hashtags,50,6,40,7,33,5,24,1,24,11,11,11,1,4,0.12,19,47,116,99,215,66,1299.54473566207,20.0106382978723,0.049973418394471,26004.7196572378,1444.70664762432,64.9426927975727,0.292581500447947
4132,E:\projects\pytypes2\subjects\InstaPy\instapy\util.py,instapy.util.scroll_bottom,13,2,8,1,7,3,4,1,7,3,3,3,1,1,0.38,13,15,23,21,44,28,211.523616570535,9.1,0.10989010989011,1924.86491079186,106.936939488437,23.2443534692895,0.051579712334515
4843,E:\projects\pytypes2\subjects\InstaPy\instapy\file_manager.py,instapy.file_manager.update_workspace,6,1,4,1,3,1,1,1,3,1,1,1,1,0,0.25,6,9,10,13,23,15,89.8584836989959,4.33333333333333,0.230769230769231,389.386762695649,21.6325979275361,20.7365731613068,0.0177745876451593
4532,E:\projects\pytypes2\subjects\InstaPy\instapy\relationship_tools.py,instapy.relationship_tools.store_fans,32,5,25,1,24,2,5,1,18,4,4,4,1,3,0.08,14,45,75,77,152,59,894.161743503,11.9777777777778,0.0834879406307978,10710.0706610693,595.003925614959,74.6517225559091,0.161959702139004
995,E:\projects\pytypes2\subjects\InstaPy\instapy\util.py,instapy.util.add_user_to_blacklist,26,2,24,1,23,0,3,1,12,3,3,3,1,3,0.00,14,36,67,63,130,50,733.701304670714,12.25,0.0816326530612245,8987.84098221625,499.324499012014,59.8939840547522,0.144095028962953
4841,E:\projects\pytypes2\subjects\InstaPy\instapy\file_manager.py,instapy.file_manager.update_locations,14,3,5,1,4,6,4,1,4,3,3,3,1,1,1.20,8,9,18,15,33,17,134.886273761261,6.66666666666667,0.15,899.241825075075,49.9578791708375,20.2329410641892,0.0310548720472402
2406,E:\projects\pytypes2\subjects\InstaPy\instapy\relationship_tools.py,instapy.relationship_tools.get_unfollowers,103,11,90,12,78,2,9,1,25,8,8,8,6,2,0.02,20,51,153,123,276,71,1697.33020498329,24.1176470588235,0.0414634146341463,40935.6108260676,2274.2006014482,70.3771060602829,0.395925003031133
990,E:\projects\pytypes2\subjects\InstaPy\instapy\event.py,instapy.event.Event.add_callback,5,1,4,1,3,0,2,1,3,2,2,2,1,1,0.00,10,6,18,15,33,16,132,12.5,0.08,1650,91.6666666666667,10.56,0.0465444648609308
2379,E:\projects\pytypes2\subjects\InstaPy\instapy\feed_util.py,instapy.feed_util.get_like_on_feed,41,10,21,1,20,10,13,1,20,6,6,6,5,3,0.48,21,21,45,37,82,42,442.170028667858,18.5,0.0540540540540541,8180.14553035538,454.452529464188,23.901082630695,0.135327512413936
4009,E:\projects\pytypes2\subjects\InstaPy\instapy\util.py,instapy.util.remove_duplicates,22,4,15,1,14,3,4,1,9,4,4,4,1,2,0.20,12,18,37,33,70,30,343.482341692596,11,0.0909090909090909,3778.30575861856,209.905875478809,31.2256674265997,0.080861813807705
4842,E:\projects\pytypes2\subjects\InstaPy\instapy\quota_supervisor.py,instapy.quota_supervisor.update_record,14,3,7,1,6,4,3,1,5,3,3,3,1,1,0.57,13,12,42,32,74,25,343.64535804333,17.3333333333333,0.0576923076923077,5956.51953941771,330.917752189873,19.825693733269,0.10953185911086
3036,E:\projects\pytypes2\subjects\InstaPy\instapy\print_log_writer.py,instapy.print_log_writer.log_record_all_followed,10,0,9,1,8,1,2,1,6,2,2,2,1,3,0.11,9,21,35,31,66,30,323.854779310162,6.64285714285714,0.150537634408602,2151.32103398894,119.517835221608,48.7523323692717,0.0555497651986827
4010,E:\projects\pytypes2\subjects\InstaPy\instapy\commenters_util.py,instapy.commenters_util.remove_duplicates_preserving_order,4,0,4,1,3,0,1,1,3,1,1,1,1,0,0.00,12,7,17,14,31,19,131.685752916751,12,0.0833333333333333,1580.22903500101,87.7905019445008,10.9738127430626,0.045222937619775
4721,E:\projects\pytypes2\subjects\InstaPy\instapy\quota_supervisor.py,instapy.quota_supervisor.toast_notification,36,4,26,1,25,6,3,1,10,3,3,3,1,2,0.23,16,46,63,59,122,62,726.411949867199,10.2608695652174,0.0974576271186441,7453.61826820256,414.089903789031,70.7943849446846,0.127191135121492
2412,E:\projects\pytypes2\subjects\InstaPy\instapy\file_manager.py,instapy.file_manager.get_workspace,17,3,13,1,12,1,2,1,9,2,2,2,1,1,0.08,10,21,32,33,65,31,322.022760175147,7.85714285714286,0.127272727272727,2530.17882994758,140.565490552644,40.9847149313823,0.0618936683854678
1794,E:\projects\pytypes2\subjects\InstaPy\instapy\login_util.py,instapy.login_util.dismiss_get_app_offer,13,2,9,1,8,2,2,1,6,2,2,2,1,1,0.22,9,17,29,30,59,26,277.325943370324,7.94117647058824,0.125925925925926,2202.29425617611,122.349680898673,34.922526202189,0.0564237971304333
4556,E:\projects\pytypes2\subjects\InstaPy\instapy\instapy.py,instapy.instapy.InstaPy.story_by_tags,31,3,24,1,23,4,19,1,18,8,8,8,6,3,0.17,20,30,72,62,134,50,756.276729429813,20.6666666666667,0.0483870967741935,15629.7190748828,868.317726382378,36.594035294991,0.208375278554414
2362,E:\projects\pytypes2\subjects\InstaPy\instapy\comment_util.py,instapy.comment_util.get_comments_on_post,106,15,84,3,81,7,60,1,52,13,13,13,9,4,0.08,23,65,180,154,334,88,2157.45016062486,27.2461538461538,0.0367024280067758,58782.2189917942,3265.67883287746,79.1836591985408,0.503936787226745
4302,E:\projects\pytypes2\subjects\InstaPy\instapy\instapy.py,instapy.instapy.InstaPy.set_ignore_users,9,2,5,1,4,2,2,1,4,2,2,2,1,1,0.40,9,7,14,12,26,16,104,7.71428571428571,0.12962962962963,802.285714285714,44.5714285714286,13.4814814814815,0.0287804856466306
4547,E:\projects\pytypes2\subjects\InstaPy\instapy\relationship_tools.py,instapy.relationship_tools.store_mutual_following,41,5,34,3,31,2,5,1,18,4,4,4,1,3,0.06,14,46,76,78,154,60,909.661151723712,11.8695652173913,0.0842490842490842,10797.2823661119,599.849020339549,76.63811900969,0.162837734393066
2409,E:\projects\pytypes2\subjects\InstaPy\instapy\util.py,instapy.util.get_username_from_id,76,14,50,1,49,13,6,1,29,6,6,6,5,3,0.26,15,51,94,94,188,66,1136.34609443939,13.8235294117647,0.0723404255319149,15708.3136584268,872.684092134825,82.203760023275,0.209073242615476
2411,E:\projects\pytypes2\subjects\InstaPy\instapy\unfollow_util.py,instapy.unfollow_util.get_users_through_dialog_with_graphql,155,22,75,16,59,58,96,1,38,8,8,8,1,2,0.77,21,78,169,179,348,99,2307.0161037877,24.0961538461538,0.0415003990422985,55590.2149624229,3088.34527569016,95.7420889041984,0.485524311298398
4657,E:\projects\pytypes2\subjects\InstaPy\tests\test_settings.py,test_settings.test_settings,2,0,2,1,1,0,1,1,1,1,1,1,1,0,0.00,7,3,7,3,10,10,33.2192809488736,3.5,0.285714285714286,116.267483321058,6.45930462894765,9.49122312824961,0.00794055625051079
2376,E:\projects\pytypes2\subjects\InstaPy\instapy\file_manager.py,instapy.file_manager.get_home_path,14,4,9,2,7,2,2,2,6,2,2,2,1,1,0.22,11,13,22,20,42,24,192.568425030289,8.46153846153846,0.118181818181818,1629.42513487167,90.5236186039818,22.7580865944886,0.0461567285197963
2397,E:\projects\pytypes2\subjects\InstaPy\instapy\pods_util.py,instapy.pods_util.get_recent_posts_from_pods,15,0,14,1,13,1,3,1,12,3,3,3,3,2,0.07,16,22,48,41,89,38,467.065548696479,14.9090909090909,0.0670731707317073,6963.52272602023,386.862373667791,31.3275672906175,0.12155273733148
2189,E:\projects\pytypes2\subjects\InstaPy\instapy\unfollow_util.py,instapy.unfollow_util.follow_restriction,68,10,51,1,50,7,11,1,26,8,8,8,6,4,0.14,24,49,114,94,208,73,1287.48350824704,23.0204081632653,0.0434397163120567,29638.3958633197,1646.57754796221,55.9279183547031,0.319238460790359
475,E:\projects\pytypes2\subjects\InstaPy\instapy\instapy.py,instapy.instapy.InstaPy.__init__,222,27,185,21,164,17,36,1,140,7,7,7,6,2,0.09,17,210,539,478,1017,227,7959.59981157486,19.347619047619,0.0516859463450652,153999.304925851,8555.51694032504,411.39944878925,0.957689190899217
4262,E:\projects\pytypes2\subjects\InstaPy\instapy\plugins\telegram_util.py,instapy.plugins.telegram_util.InstaPyTelegramBot.send_message,12,0,5,1,4,7,2,1,3,2,2,2,1,1,1.40,12,10,27,19,46,22,205.133854457316,11.4,0.087719298245614,2338.5259408134,129.918107822967,17.9941977594137,0.0587273232544564
2148,E:\projects\pytypes2\subjects\InstaPy\instapy\event.py,instapy.event.Event.fire_callbacks,5,0,5,1,4,0,3,1,4,3,3,3,1,1,0.00,13,7,23,15,38,20,164.23326760572,13.9285714285714,0.0717948717948718,2287.53479879395,127.085266599664,11.7911063922055,0.0578704978091674
4413,E:\projects\pytypes2\subjects\InstaPy\instapy\time_util.py,instapy.time_util.sleep,5,0,5,1,4,0,2,1,4,2,2,2,1,1,0.00,9,7,15,12,27,16,108,7.71428571428571,0.12962962962963,833.142857142857,46.2857142857143,14,0.0295137953913454
2178,E:\projects\pytypes2\subjects\InstaPy\instapy\instapy.py,instapy.instapy.InstaPy.follow_by_locations,110,16,88,7,81,7,70,1,50,12,12,12,10,5,0.08,27,76,228,215,443,103,2962.11973354217,38.1907894736842,0.0261843238587425,113125.691139554,6284.76061886413,77.56110241144,0.779685711883587
4297,E:\projects\pytypes2\subjects\InstaPy\instapy\instapy.py,instapy.instapy.InstaPy.set_dont_include,9,2,6,1,5,1,2,1,5,2,2,2,1,1,0.17,10,9,22,19,41,19,174.165028051187,10.5555555555556,0.0947368421052632,1838.4086294292,102.133812746066,16.499844762744,0.0500234274843561
1760,E:\projects\pytypes2\subjects\InstaPy\instapy\unfollow_util.py,instapy.unfollow_util.dialog_username_extractor,27,5,21,1,20,2,10,1,16,6,6,6,1,4,0.10,17,26,51,47,98,43,531.773945960806,15.3653846153846,0.065081351689612,8170.91120812853,453.939511562696,34.6085671964479,0.135225648448631
4859,E:\projects\pytypes2\subjects\InstaPy\instapy\file_manager.py,instapy.file_manager.use_assets,5,0,4,1,3,1,1,1,3,1,1,1,1,0,0.25,7,8,10,10,20,15,78.1378119121704,4.375,0.228571428571429,341.852927115745,18.9918292842081,17.8600712942104,0.0162968979941769
2143,E:\projects\pytypes2\subjects\InstaPy\instapy\util.py,instapy.util.find_user_id,52,10,41,1,40,1,18,1,26,8,8,8,1,5,0.02,16,36,80,72,152,52,866.466837157446,16,0.0625,13863.4693945191,770.192744139952,54.1541773223404,0.192365283671917
2857,E:\projects\pytypes2\subjects\InstaPy\instapy\instapy.py,instapy.instapy.InstaPy.like_by_feed,10,3,6,1,5,1,3,1,5,3,3,3,1,1,0.17,11,7,17,12,29,18,120.927825041827,9.42857142857143,0.106060606060606,1140.17663610866,63.3431464504808,12.8256784135271,0.0363797885286174
4310,E:\projects\pytypes2\subjects\InstaPy\instapy\instapy.py,instapy.instapy.InstaPy.set_simulation,14,2,11,1,10,1,3,1,5,3,3,3,1,1,0.09,17,16,43,27,70,33,353.107588355092,14.34375,0.0697167755991285,5064.88697046835,281.382609470464,24.6175224997014,0.0983086918671662
2212,E:\projects\pytypes2\subjects\InstaPy\instapy\instapy.py,instapy.instapy.InstaPy.follow_user_following,185,26,149,8,141,10,537,1,80,15,15,15,9,5,0.07,31,113,334,342,676,144,4846.869300975,46.9115044247788,0.0213167326919449,227373.930659013,12631.8850366118,103.319417281678,1.24176436203277
4004,E:\projects\pytypes2\subjects\InstaPy\instapy\quota_supervisor.py,instapy.quota_supervisor.remaining_time,20,4,14,1,13,3,6,1,10,4,4,4,1,1,0.21,16,27,45,42,87,43,472.085033659083,12.4444444444444,0.0803571428571428,5874.83597442414,326.379776356897,37.935404490462,0.108528193908446
5049,E:\projects\pytypes2\subjects\InstaPy\instapy\instapy.py,instapy.instapy.InstaPy.validate_user_call,30,0,29,1,28,1,1,1,2,1,1,1,1,0,0.03,7,32,59,59,118,39,623.677461825745,6.453125,0.154963680387409,4024.66862084426,223.592701158015,96.6473548591954,0.0843397217211088
2405,E:\projects\pytypes2\subjects\InstaPy\instapy\util.py,instapy.util.get_time_until_next_month,10,2,7,1,6,1,1,1,6,1,1,1,1,0,0.14,12,12,33,34,67,24,307.192487548318,17,0.0588235294117647,5222.2722883214,290.126238240078,18.0701463263716,0.100334837897267
2914,E:\projects\pytypes2\subjects\InstaPy\instapy\commenters_util.py,instapy.commenters_util.likers_from_photo,102,21,76,1,75,5,33,1,49,11,11,11,8,4,0.07,27,61,166,163,329,88,2125.15300253167,36.0737704918033,0.0277209725062486,76662.2816732941,4259.01564851634,58.9113079547521,0.601542854757064
4534,E:\projects\pytypes2\subjects\InstaPy\instapy\relationship_tools.py,instapy.relationship_tools.store_following_data,30,3,25,1,24,2,5,1,18,4,4,4,1,3,0.08,14,44,73,75,148,58,866.981187278881,11.9318181818182,0.0838095238095238,10344.6618936685,574.703438537137,72.6612804576586,0.158254576871364
2391,E:\projects\pytypes2\subjects\InstaPy\instapy\util.py,instapy.util.get_number_of_posts,24,3,20,1,19,1,3,1,11,3,3,3,1,2,0.05,9,20,39,39,78,29,378.922517619951,8.775,0.113960113960114,3325.04509211507,184.724727339726,43.1820532900229,0.074258089483634
4293,E:\projects\pytypes2\subjects\InstaPy\instapy\instapy.py,instapy.instapy.InstaPy.set_do_follow,10,2,7,1,6,1,2,1,6,2,2,2,1,1,0.14,9,14,24,24,48,23,217.130973890737,7.71428571428571,0.12962962962963,1675.01037001425,93.0561316674586,28.146607726577,0.0470136256994705
2211,E:\projects\pytypes2\subjects\InstaPy\instapy\instapy.py,instapy.instapy.InstaPy.follow_user_followers,187,27,150,8,142,10,537,1,80,15,15,15,9,5,0.07,31,112,334,341,675,143,4832.91315232541,47.1919642857143,0.0211900482451991,228074.6648805,12670.8147155833,102.409662862633,1.24431434785635
4814,E:\projects\pytypes2\subjects\InstaPy\instapy\event.py,instapy.event.Event.unfollowed,2,0,2,1,1,0,1,1,1,1,1,1,1,0,0.00,5,5,9,9,18,10,59.7947057079725,4.5,0.222222222222222,269.076175685876,14.9486764269931,13.2877123795495,0.0138929853035275
3031,E:\projects\pytypes2\subjects\InstaPy\instapy\print_log_writer.py,instapy.print_log_writer.log_follower_num,31,6,23,1,22,3,3,1,15,3,3,3,1,2,0.13,13,30,49,49,98,43,531.773945960806,10.6166666666667,0.0941915227629513,5645.66672628389,313.648151460216,50.0885977357117,0.105687162208667
5050,E:\projects\pytypes2\subjects\InstaPy\instapy\util.py,instapy.util.validate_username,331,34,277,27,250,22,4214410,1,135,55,55,55,51,6,0.08,30,144,528,415,943,174,7018.69571658535,43.2291666666667,0.0231325301204819,303412.366914888,16856.2426063826,162.360190070408,1.50510776926279
2401,E:\projects\pytypes2\subjects\InstaPy\instapy\clarifai_util.py,instapy.clarifai_util.get_source_link,27,2,20,1,19,5,2,1,7,2,2,2,1,1,0.25,10,14,37,36,73,24,334.702262552644,12.8571428571429,0.0777777777777778,4303.31480424829,239.07304468046,26.032398198539,0.0881889469917738
2712,E:\projects\pytypes2\subjects\InstaPy\instapy\util.py,instapy.util.is_private_profile,31,5,24,1,23,2,5,1,15,4,4,4,3,2,0.08,14,23,47,40,87,37,453.222442809719,12.1739130434783,0.0821428571428572,5517.49060811831,306.527256006573,37.2289863736555,0.104081405202041
5105,E:\projects\pytypes2\subjects\InstaPy\instapy\util.py,instapy.util.web_address_navigator,41,6,30,1,29,8,20,1,22,7,7,7,5,4,0.27,27,28,76,65,141,55,815.171719606977,31.3392857142857,0.0319088319088319,25546.8994269687,1419.27219038715,26.0111773777725,0.289137359642139
4412,E:\projects\pytypes2\subjects\InstaPy\instapy\file_manager.py,instapy.file_manager.slashen,14,4,9,1,8,1,4,1,6,4,4,4,1,1,0.11,10,12,33,34,67,22,298.781918448699,14.1666666666667,0.0705882352941176,4232.7438446899,235.152435816106,21.0904883610846,0.0872221397173188
2708,E:\projects\pytypes2\subjects\InstaPy\instapy\util.py,instapy.util.is_page_available,24,5,18,1,17,1,5,1,11,5,5,5,3,3,0.06,14,17,40,39,79,31,391.381508520563,16.0588235294118,0.0622710622710623,6285.12657800669,349.17369877815,24.3717422888263,0.11352410785156
2390,E:\projects\pytypes2\subjects\InstaPy\instapy\relationship_tools.py,instapy.relationship_tools.get_nonfollowers,58,7,44,3,41,7,2,1,10,2,2,2,1,1,0.16,15,30,70,68,138,45,757.875727293495,17,0.0588235294117647,12883.8873639894,715.771520221634,44.5809251349115,0.18319348512493
4303,E:\projects\pytypes2\subjects\InstaPy\instapy\instapy.py,instapy.instapy.InstaPy.set_mandatory_language,39,7,31,3,28,1,11,1,15,6,6,6,1,2,0.03,14,29,61,51,112,43,607.741652526635,12.3103448275862,0.0812324929971989,7481.50930868995,415.639406038331,49.368369532976,0.127508232511568
