file,method,params,startlineno,endlineno,CountLine,CountLineBlank,CountLineCode,CountLineCodeDecl,CountLineCodeExe,CountLineComment,CountPath,CountStmtDecl,CountStmtExe,Cyclomatic,CyclomaticModified,CyclomaticStrict,Essential,MaxNesting,RatioCommentToCode,n1,n2,N1,N2,N,n,V,D,L,E,T,I,B,Incompatible Assignment Types,Incompatible Argument Types,Incompatible Variable Types,Dynamic Element Deletion,Dynamic Attribute Deletion,Dynamic Attribute Access,Bug
examples\basic.py,index,l,4,5,2,0,2,1,1,0,1,1,1,1,1,1,1,0,0.00,4,5,6,6,12,9,38.0391000173078,2.4,0.416666666666667,91.2938400415386,5.0718800023077,15.8496250072116,0.00675833520718511,0,0,0,0,0,0,0
examples\basic.py,stats,l,7,8,2,0,2,1,1,0,1,1,1,1,1,1,1,0,0.00,4,5,6,6,12,9,38.0391000173078,2.4,0.416666666666667,91.2938400415386,5.0718800023077,15.8496250072116,0.00675833520718511,0,0,0,0,0,0,0
examples\basic.py,page404,self,15,17,2,0,2,1,1,0,1,1,1,1,1,1,1,0,0.00,4,5,6,6,12,9,38.0391000173078,2.4,0.416666666666667,91.2938400415386,5.0718800023077,15.8496250072116,0.00675833520718511,0,0,0,0,0,0,0
examples\browse_docs_sequence_test.py,on_start,self,10,11,2,0,2,1,1,0,1,1,1,1,1,1,1,0,0.00,6,4,8,6,14,10,46.5069933284231,4.5,0.222222222222222,209.281469977904,11.6267483321058,10.3348874063162,0.011749857421146,0,0,0,0,0,0,0
examples\browse_docs_sequence_test.py,index_page,self,14,20,7,0,7,1,6,0,1,1,4,1,1,1,1,0,0.00,8,15,19,21,40,23,180.942478242281,5.6,0.178571428571429,1013.27787815677,56.2932154531539,32.3111568289787,0.0336277481456005,0,0,0,0,0,0,1
examples\browse_docs_sequence_test.py,load_page,"self, url=None",23,31,8,0,8,1,7,0,1,1,5,1,1,1,1,0,0.00,10,18,26,27,53,28,254.789810869053,7.5,0.133333333333333,1910.9235815179,106.162421195439,33.9719747825404,0.0513303578343203,0,0,0,0,0,0,1
examples\browse_docs_sequence_test.py,load_sub_page,self,34,38,3,0,3,1,2,0,1,1,2,1,1,1,1,0,0.00,5,9,11,12,23,14,87.5691632073249,3.33333333333333,0.3,291.897210691083,16.2165117050602,26.2707489621975,0.0146678133635833,0,0,0,0,0,0,0
examples\browse_docs_test.py,on_start,self,10,13,4,0,3,1,2,1,1,1,2,1,1,1,1,0,0.33,5,5,8,8,16,10,53.1508495181978,4,0.25,212.603398072791,11.8112998929328,13.2877123795495,0.0118738679018072,0,0,0,0,0,0,0
examples\browse_docs_test.py,index_page,self,15,21,7,0,7,1,6,0,1,1,4,1,1,1,1,0,0.00,8,15,19,21,40,23,180.942478242281,5.6,0.178571428571429,1013.27787815677,56.2932154531539,32.3111568289787,0.0336277481456005,0,0,0,0,0,0,1
examples\browse_docs_test.py,load_page,"self, url=None",24,31,8,0,8,1,7,0,1,1,5,1,1,1,1,0,0.00,10,18,26,27,53,28,254.789810869053,7.5,0.133333333333333,1910.9235815179,106.162421195439,33.9719747825404,0.0513303578343203,0,0,0,0,0,0,1
examples\browse_docs_test.py,load_sub_page,self,34,37,3,0,3,1,2,0,1,1,2,1,1,1,1,0,0.00,5,9,11,12,23,14,87.5691632073249,3.33333333333333,0.3,291.897210691083,16.2165117050602,26.2707489621975,0.0146678133635833,0,0,0,0,0,0,0
examples\custom_wait_function.py,index,l,4,5,2,0,2,1,1,0,1,1,1,1,1,1,1,0,0.00,4,5,6,6,12,9,38.0391000173078,2.4,0.416666666666667,91.2938400415386,5.0718800023077,15.8496250072116,0.00675833520718511,0,0,0,0,0,0,0
examples\custom_wait_function.py,stats,l,7,8,2,0,2,1,1,0,1,1,1,1,1,1,1,0,0.00,4,5,6,6,12,9,38.0391000173078,2.4,0.416666666666667,91.2938400415386,5.0718800023077,15.8496250072116,0.00675833520718511,0,0,0,0,0,0,0
examples\custom_wait_function.py,page404,self,15,17,2,0,2,1,1,0,1,1,1,1,1,1,1,0,0.00,4,5,6,6,12,9,38.0391000173078,2.4,0.416666666666667,91.2938400415386,5.0718800023077,15.8496250072116,0.00675833520718511,0,0,0,0,0,0,0
examples\custom_wait_function.py,strictExp,"min_wait, max_wait, mu='1'",29,39,11,0,8,1,7,3,3,1,7,3,3,3,3,2,0.38,16,12,27,22,49,28,235.560391180823,14.6666666666667,0.0681818181818182,3454.88573731873,191.938096517707,16.0609357623288,0.0761788720054671,0,0,0,0,0,0,1
examples\dynamice_user_credentials.py,on_start,self,12,15,4,0,4,1,3,0,2,1,3,2,2,2,1,1,0.00,9,13,19,17,36,22,160.539538270943,5.88461538461539,0.169934640522876,944.71343674824,52.4840798193467,27.2812287257811,0.0320931347959901,0,0,0,0,0,0,0
examples\dynamice_user_credentials.py,some_task,self,17,20,3,0,2,1,1,1,1,1,1,1,1,1,1,0,0.50,4,5,6,6,12,9,38.0391000173078,2.4,0.416666666666667,91.2938400415386,5.0718800023077,15.8496250072116,0.00675833520718511,0,0,0,0,0,0,0
examples\events.py,index,l,12,14,2,0,2,1,1,0,1,1,1,1,1,1,1,0,0.00,4,5,6,6,12,9,38.0391000173078,2.4,0.416666666666667,91.2938400415386,5.0718800023077,15.8496250072116,0.00675833520718511,0,0,0,0,0,0,0
examples\events.py,stats,l,16,18,2,0,2,1,1,0,1,1,1,1,1,1,1,0,0.00,4,5,6,6,12,9,38.0391000173078,2.4,0.416666666666667,91.2938400415386,5.0718800023077,15.8496250072116,0.00675833520718511,0,0,0,0,0,0,0
examples\events.py,on_request_success,"request_type, name, response_time, response_length",36,40,5,0,2,1,1,3,1,1,1,1,1,1,1,0,1.50,6,8,8,9,17,14,64.7250336749793,3.375,0.296296296296296,218.446988653055,12.1359438140586,19.1777877555494,0.0120904589475088,0,0,0,0,0,0,0
examples\events.py,on_report_to_master,"client_id, data",42,49,8,0,3,1,2,5,1,1,2,1,1,1,1,0,1.67,6,7,9,11,20,13,74.0087943628218,4.71428571428571,0.212121212121212,348.89860199616,19.3832556664533,15.6988351678713,0.0165200578878722,0,0,0,0,0,0,0
examples\events.py,on_slave_report,"client_id, data",51,57,7,0,2,1,1,5,1,1,1,1,1,1,1,0,2.50,6,6,7,8,15,12,53.7744375108174,4,0.25,215.097750043269,11.9498750024039,13.4436093777043,0.0119665600276098,0,0,0,0,0,0,0
examples\events.py,total_content_length,,64,69,5,0,2,1,1,3,1,1,1,1,1,1,1,0,1.50,6,5,6,5,11,11,38.0537478050103,3,0.333333333333333,114.161243415031,6.34229130083505,12.6845826016701,0.00784436642516571,0,0,0,0,0,0,0
examples\multiple_hosts.py,__init__,"self, *args, **kwargs",9,11,3,0,3,1,2,0,1,1,2,1,1,1,1,0,0.00,9,12,20,17,37,21,162.515744642814,6.375,0.156862745098039,1036.03787209794,57.5576595609967,25.4926658263238,0.0341294402919361,0,0,0,0,0,0,0
examples\multiple_hosts.py,index,self,16,18,2,0,2,1,1,0,1,1,1,1,1,1,1,0,0.00,4,6,7,7,14,10,46.5069933284231,2.33333333333333,0.428571428571429,108.516317766321,6.02868432035114,19.9315685693242,0.00758360046215116,0,0,0,0,0,0,0
examples\multiple_hosts.py,index_other_host,self,20,22,2,0,2,1,1,0,1,1,1,1,1,1,1,0,0.00,4,6,7,7,14,10,46.5069933284231,2.33333333333333,0.428571428571429,108.516317766321,6.02868432035114,19.9315685693242,0.00758360046215116,0,0,0,0,0,0,0
examples\semaphore_wait.py,on_hatch_complete,**kw,7,8,2,0,2,1,1,0,1,1,1,1,1,1,1,0,0.00,5,4,6,4,10,9,31.6992500144231,2.5,0.4,79.2481250360578,4.40267361311432,12.6797000057693,0.00614994751160048,0,0,0,0,0,0,1
examples\semaphore_wait.py,on_start,self,13,15,3,0,3,1,2,0,1,1,2,1,1,1,1,0,0.00,4,4,7,6,13,8,39,3,0.333333333333333,117,6.5,13,0.00797387309935477,0,0,0,0,0,0,0
examples\semaphore_wait.py,index,self,17,19,2,0,2,1,1,0,1,1,1,1,1,1,1,0,0.00,4,5,6,6,12,9,38.0391000173078,2.4,0.416666666666667,91.2938400415386,5.0718800023077,15.8496250072116,0.00675833520718511,0,0,0,0,0,0,0
examples\custom_xmlrpc_client\xmlrpc_locustfile.py,__getattr__,"self, name",13,28,16,1,13,2,11,2,1,2,11,1,1,1,1,0,0.15,14,27,66,57,123,41,658.978896568024,14.7777777777778,0.0676691729323308,9738.24369372747,541.013538540415,44.5925569106182,0.152007787381037,0,0,1,0,0,0,1
examples\custom_xmlrpc_client\xmlrpc_locustfile.py,wrapper,"*args, **kwargs",15,24,10,0,10,1,9,0,2,1,9,2,2,2,1,1,0.00,13,24,56,47,103,37,536.573696659782,12.7291666666667,0.0785597381342062,6830.13601373181,379.452000762878,42.1530890992955,0.119995505632494,0,0,0,0,0,0,1
examples\custom_xmlrpc_client\xmlrpc_locustfile.py,__init__,"self, *args, **kwargs",36,38,3,0,3,1,2,0,1,1,2,1,1,1,1,0,0.00,8,9,18,15,33,17,134.886273761261,6.66666666666667,0.15,899.241825075075,49.9578791708375,20.2329410641892,0.0310548720472402,0,0,0,0,0,0,0
examples\custom_xmlrpc_client\xmlrpc_locustfile.py,get_time,self,48,50,2,0,2,1,1,0,1,1,1,1,1,1,1,0,0.00,4,3,6,5,11,7,30.8809041426336,3.33333333333333,0.3,102.936347142112,5.71868595233956,9.26427124279009,0.00732135131532765,0,0,0,0,0,0,0
examples\custom_xmlrpc_client\xmlrpc_locustfile.py,get_random_number,self,52,54,2,0,2,1,1,0,1,1,1,1,1,1,1,0,0.00,5,5,7,7,14,10,46.5069933284231,3.5,0.285714285714286,162.774476649481,9.04302648052671,13.2877123795495,0.00993732782415063,0,0,0,0,0,0,0
locust\clients.py,raise_for_status,self,21,24,4,0,4,1,3,0,2,1,3,2,2,2,1,1,0.00,8,6,13,12,25,14,95.1838730514401,8,0.125,761.470984411521,42.3039435784178,11.89798413143,0.0277959156342051,0,0,0,0,0,0,1
locust\clients.py,__init__,"self, base_url, *args, **kwargs",50,65,16,3,10,1,9,3,3,1,9,3,3,3,1,2,0.30,12,23,53,52,105,35,538.574716779221,13.5652173913043,0.0737179487179487,7305.88311457031,405.882395253906,39.7026233523144,0.125504864291381,0,0,0,0,0,0,1
locust\clients.py,_build_url,"self, path",67,72,6,0,5,1,4,1,2,1,3,2,2,2,1,1,0.20,9,8,16,12,28,17,114.44895955501,6.75,0.148148148148148,772.530476996314,42.9183598331286,16.955401415557,0.028064404183057,0,0,0,0,0,0,0
locust\clients.py,request,"self, method, url, name=None, catch_response=False, **kwargs",74,149,76,10,33,1,32,33,6,1,20,4,4,4,1,2,1.00,21,43,116,101,217,64,1302,24.6627906976744,0.0405469118340405,32110.9534883721,1783.94186046512,52.7920792079208,0.336755124283325,0,0,0,0,0,0,1
locust\clients.py,_send_request_safe_mode,"self, method, url, **kwargs",151,166,16,1,11,1,10,5,3,1,10,3,3,3,1,1,0.45,12,21,39,33,72,33,363.196376593809,9.42857142857143,0.106060606060606,3424.42297931305,190.245721072947,38.5208278205555,0.0757304167998362,0,0,0,0,0,0,1
locust\clients.py,__init__,"self, response",181,183,16,3,10,1,9,3,3,1,9,3,3,3,1,2,0.30,12,23,53,52,105,35,538.574716779221,13.5652173913043,0.0737179487179487,7305.88311457031,405.882395253906,39.7026233523144,0.125504864291381,0,0,0,0,0,0,1
locust\clients.py,__enter__,self,185,186,2,0,2,1,1,0,1,1,1,1,1,1,1,0,0.00,4,2,4,3,7,6,18.0947375050481,3,0.333333333333333,54.2842125151443,3.01578958417468,6.03157916834936,0.00477889813412495,0,0,0,0,0,0,0
locust\clients.py,__exit__,"self, exc, value, traceback",188,206,19,1,16,1,15,2,5,1,13,5,5,5,4,2,0.12,15,15,43,26,69,30,338.575451096988,13,0.0769230769230769,4401.48086426084,244.526714681158,26.0442654689991,0.0895250606689103,0,0,0,0,0,0,1
locust\clients.py,success,self,208,224,17,2,8,1,7,7,1,1,2,1,1,1,1,0,0.88,8,16,25,24,49,24,224.663162535337,6,0.166666666666667,1347.97897521202,74.8877208451122,37.4438604225561,0.0406756177675635,0,0,0,0,0,0,1
locust\clients.py,failure,"self, exc",226,248,23,4,10,1,9,9,2,1,4,2,2,2,1,1,0.90,9,20,31,30,61,29,296.336840702782,6.75,0.148148148148148,2000.27367474378,111.126315263543,43.9017541781899,0.0529181953063736,0,0,0,0,0,0,1
locust\core.py,task,weight='1',27,58,32,5,16,2,14,11,2,2,8,2,2,2,1,1,0.69,8,9,20,20,40,17,163.498513650014,8.88888888888889,0.1125,1453.32012133345,80.7400067407474,18.3935827856265,0.0427680651417306,0,0,0,0,0,0,0
locust\core.py,decorator_func,func,42,44,3,0,3,1,2,0,1,1,2,1,1,1,1,0,0.00,6,4,6,6,12,10,39.8631371386484,4.5,0.222222222222222,179.384117123918,9.96578428466209,8.85847491969963,0.0106023320990214,0,0,0,0,0,0,1
locust\core.py,seq_task,order,61,87,27,5,7,2,5,15,1,2,5,1,1,1,1,0,2.14,9,10,17,16,33,19,140.181607943638,7.2,0.138888888888889,1009.3075771942,56.0726431774553,19.4696677699498,0.0335398488466842,0,0,0,0,0,0,0
locust\core.py,decorator_func,func,81,85,3,0,3,1,2,0,1,1,2,1,1,1,1,0,0.00,6,4,6,6,12,10,39.8631371386484,4.5,0.222222222222222,179.384117123918,9.96578428466209,8.85847491969963,0.0106023320990214,0,0,0,0,0,0,1
locust\core.py,__getattr__,"self, _",95,96,2,0,2,1,1,0,1,1,1,1,1,1,1,0,0.00,5,5,6,5,11,10,36.541209043761,2.5,0.4,91.3530226094025,5.07516792274458,14.6164836175044,0.00676125568483764,0,0,0,0,0,0,0
locust\core.py,__init__,self,138,147,4,0,4,1,3,0,1,1,3,1,1,1,1,0,0.00,9,15,21,22,43,24,197.15338753101,6.6,0.151515151515152,1301.21235770466,72.2895754280369,29.8717253834863,0.0397292955661228,0,0,0,0,0,0,1
locust\core.py,_set_setup_flag,cls,149,151,2,0,2,1,1,0,1,1,1,1,1,1,1,0,0.00,6,3,6,4,10,9,31.6992500144231,4,0.25,126.797000057693,7.04427778098292,7.92481250360578,0.00841300985452882,0,0,0,0,0,0,0
locust\core.py,_set_teardown_flag,cls,153,155,2,0,2,1,1,0,1,1,1,1,1,1,1,0,0.00,6,3,6,4,10,9,31.6992500144231,4,0.25,126.797000057693,7.04427778098292,7.92481250360578,0.00841300985452882,0,0,0,0,0,0,0
locust\core.py,run,"self, runner=None",157,171,45,4,41,1,40,0,56,1,37,15,15,15,8,3,0.00,26,41,150,108,258,67,1565.05101113811,34.2439024390244,0.0292022792022792,53593.4541375097,2977.41411875054,45.7030565930643,0.473827116258867,0,0,0,0,0,0,1
locust\core.py,__init__,self,191,196,4,0,4,1,3,0,1,1,3,1,1,1,1,0,0.00,9,15,21,22,43,24,197.15338753101,6.6,0.151515151515152,1301.21235770466,72.2895754280369,29.8717253834863,0.0397292955661228,0,0,0,0,0,0,1
locust\core.py,__new__,"mcs, classname, bases, classDict",205,231,27,5,22,1,21,0,108,1,20,11,11,11,1,4,0.00,17,26,81,72,153,43,830.218507469421,23.5384615384615,0.042483660130719,19542.0664065879,1085.67035592155,35.2707209055636,0.241838664069293,0,0,0,0,0,0,0
locust\core.py,__init__,"self, parent",301,329,4,0,4,1,3,0,1,1,3,1,1,1,1,0,0.00,9,15,21,22,43,24,197.15338753101,6.6,0.151515151515152,1301.21235770466,72.2895754280369,29.8717253834863,0.0397292955661228,0,0,0,0,0,0,1
locust\core.py,_set_setup_flag,cls,331,333,2,0,2,1,1,0,1,1,1,1,1,1,1,0,0.00,6,3,6,4,10,9,31.6992500144231,4,0.25,126.797000057693,7.04427778098292,7.92481250360578,0.00841300985452882,0,0,0,0,0,0,0
locust\core.py,_set_teardown_flag,cls,335,337,2,0,2,1,1,0,1,1,1,1,1,1,1,0,0.00,6,3,6,4,10,9,31.6992500144231,4,0.25,126.797000057693,7.04427778098292,7.92481250360578,0.00841300985452882,0,0,0,0,0,0,0
locust\core.py,run,"self, *args, **kwargs",339,383,45,4,41,1,40,0,56,1,37,15,15,15,8,3,0.00,26,41,150,108,258,67,1565.05101113811,34.2439024390244,0.0292022792022792,53593.4541375097,2977.41411875054,45.7030565930643,0.473827116258867,0,0,0,0,0,0,1
locust\core.py,execute_next_task,self,385,387,3,0,3,1,2,0,1,1,2,1,1,1,1,0,0.00,9,10,16,15,31,19,131.685752916751,6.75,0.148148148148148,888.87883218807,49.3821573437817,19.5090004321113,0.0308158242064712,0,0,0,0,0,0,0
locust\core.py,execute_task,"self, task, *args, **kwargs",389,399,11,0,7,1,6,4,3,1,4,3,3,3,1,1,0.57,12,12,39,29,68,24,311.777450049039,14.5,0.0689655172413793,4520.77302571106,251.154056983948,21.5018931068303,0.0911354230541076,0,0,0,0,0,0,0
locust\core.py,schedule_task,"self, task_callable, args=None, kwargs=None, first=False",401,416,16,2,6,1,5,8,2,1,4,2,2,2,1,1,1.33,13,15,35,24,59,28,283.633940401399,10.4,0.0961538461538461,2949.79298017455,163.877387787475,27.2724942693653,0.0685603622821866,0,0,0,0,0,0,0
locust\core.py,get_next_task,self,418,419,2,0,2,1,1,0,1,1,1,1,1,1,1,0,0.00,5,5,7,6,13,10,43.1850652335357,3,0.333333333333333,129.555195700607,7.19751087225595,14.3950217445119,0.00853457635921706,0,0,0,0,0,0,0
locust\core.py,get_wait_secs,self,421,423,3,0,3,1,2,0,1,1,2,1,1,1,1,0,0.00,7,5,8,7,15,12,53.7744375108174,4.9,0.204081632653061,263.494743803005,14.6385968779447,10.9743750022076,0.0137001939743073,0,0,0,0,0,0,0
locust\core.py,wait,self,425,426,2,0,2,1,1,0,1,1,1,1,1,1,1,0,0.00,4,4,7,6,13,8,39,3,0.333333333333333,117,6.5,13,0.00797387309935477,0,0,0,0,0,0,0
locust\core.py,_sleep,"self, seconds",428,429,2,0,2,1,1,0,1,1,1,1,1,1,1,0,0.00,5,5,6,6,12,10,39.8631371386484,3,0.333333333333333,119.589411415945,6.64385618977473,13.2877123795495,0.00809109370535341,0,0,0,0,0,0,0
locust\core.py,interrupt,"self, reschedule=True",431,442,12,2,2,1,1,8,1,1,1,1,1,1,1,0,4.00,7,5,8,6,14,12,50.1894750100962,4.2,0.238095238095238,210.795795042404,11.7108775023558,11.9498750024039,0.0118064692633654,0,0,0,0,0,0,0
locust\core.py,__init__,"self, parent",473,476,4,0,4,1,3,0,1,1,3,1,1,1,1,0,0.00,9,15,21,22,43,24,197.15338753101,6.6,0.151515151515152,1301.21235770466,72.2895754280369,29.8717253834863,0.0397292955661228,0,0,0,0,0,0,1
locust\core.py,get_next_task,self,478,481,2,0,2,1,1,0,1,1,1,1,1,1,1,0,0.00,5,5,7,6,13,10,43.1850652335357,3,0.333333333333333,129.555195700607,7.19751087225595,14.3950217445119,0.00853457635921706,0,0,0,0,0,0,0
locust\events.py,__init__,self,19,20,2,0,2,1,1,0,1,1,1,1,1,1,1,0,0.00,6,3,6,4,10,9,31.6992500144231,4,0.25,126.797000057693,7.04427778098292,7.92481250360578,0.00841300985452882,0,0,0,0,0,0,0
locust\events.py,__iadd__,"self, handler",22,24,3,0,3,1,2,0,1,1,2,1,1,1,1,0,0.00,6,5,8,8,16,11,55.3509058981968,4.8,0.208333333333333,265.684348311344,14.7602415728525,11.531438728791,0.0137759870425646,0,0,0,0,0,0,0
locust\events.py,__isub__,"self, handler",26,28,3,0,3,1,2,0,1,1,2,1,1,1,1,0,0.00,6,5,8,8,16,11,55.3509058981968,4.8,0.208333333333333,265.684348311344,14.7602415728525,11.531438728791,0.0137759870425646,0,0,0,0,0,0,0
locust\events.py,fire,"self, reverse=False, **kwargs",30,34,5,0,5,1,4,0,4,1,4,3,3,3,1,1,0.00,11,6,19,13,32,17,130.798810920011,11.9166666666667,0.0839160839160839,1558.68583013013,86.5936572294516,10.9761239932876,0.0448109829160042,0,0,0,0,0,0,0
locust\exception.py,__init__,"self, reschedule=True",15,20,6,0,2,1,1,4,1,1,1,1,1,1,1,0,2.00,7,4,8,7,15,11,51.8914742795595,6.125,0.163265306122449,317.835279962302,17.6575155534612,8.47207743339746,0.0155243519618016,0,0,0,0,0,0,0
locust\inspectlocust.py,print_task_ratio,"locusts, total=False, level='0', parent_ratio='1.0'",9,11,3,0,3,1,2,0,1,1,2,1,1,1,1,0,0.00,6,10,17,16,33,16,132,4.8,0.208333333333333,633.6,35.2,27.5,0.0245898298895241,0,0,0,0,0,0,0
locust\inspectlocust.py,_print_task_ratio,"x, level='0'",13,19,7,0,7,1,6,0,3,1,6,3,3,3,1,2,0.00,13,21,35,34,69,34,351.034936046273,10.5238095238095,0.0950226244343891,3694.22480315364,205.234711286313,33.3562608912749,0.0796576747888112,0,0,2,0,0,0,0
locust\inspectlocust.py,get_task_ratio_dict,"tasks, total=False, parent_ratio='1.0'",22,53,32,4,24,1,23,4,32,1,20,8,8,8,1,3,0.17,17,38,94,88,182,55,1052.20746786149,19.6842105263158,0.0508021390374332,20711.8733147472,1150.65962859707,53.4543900785248,0.251395982268183,0,0,0,0,0,0,0
locust\log.py,setup_logging,"loglevel, logfile",7,16,10,2,8,1,7,0,2,1,7,2,2,2,1,1,0.00,11,21,34,30,64,32,320,7.85714285714286,0.127272727272727,2514.28571428571,139.68253968254,40.7272727272727,0.0616342095346958,2,0,0,0,0,1,1
locust\log.py,write,"self, s",25,26,2,0,2,1,1,0,1,1,1,1,1,1,1,0,0.00,5,6,8,7,15,11,51.8914742795595,2.91666666666667,0.342857142857143,151.350133315382,8.40834073974343,17.7913626101347,0.00946674365343613,0,0,0,0,0,0,0
locust\log.py,flush,"self, *args, **kwargs",28,30,3,0,2,1,1,1,1,1,1,1,1,1,1,0,0.50,7,5,8,5,13,12,46.604512509375,3.5,0.285714285714286,163.115793782813,9.06198854348959,13.3155750026786,0.00995121450575078,0,0,0,0,0,0,0
locust\log.py,write,"self, s",36,37,2,0,2,1,1,0,1,1,1,1,1,1,1,0,0.00,5,6,8,7,15,11,51.8914742795595,2.91666666666667,0.342857142857143,151.350133315382,8.40834073974343,17.7913626101347,0.00946674365343613,0,0,0,0,0,0,0
locust\log.py,flush,"self, *args, **kwargs",39,41,3,0,2,1,1,1,1,1,1,1,1,1,1,0,0.50,7,5,8,5,13,12,46.604512509375,3.5,0.285714285714286,163.115793782813,9.06198854348959,13.3155750026786,0.00995121450575078,0,0,0,0,0,0,0
locust\main.py,parse_options,,27,288,262,30,208,1,207,24,1,1,31,1,1,1,1,0,0.12,9,123,339,334,673,132,4740.87724232824,12.219512195122,0.0818363273453094,57931.207278206,3218.40040434478,387.975981907101,0.499061190312304,0,0,0,0,0,0,1
locust\main.py,_is_package,path,291,297,8,0,5,1,4,3,1,1,1,1,1,1,1,0,0.60,7,8,16,15,31,15,121.113608463864,6.5625,0.152380952380952,794.808055544108,44.1560030857838,18.4554070040174,0.0286013754298585,0,0,0,0,0,0,0
locust\main.py,find_locustfile,locustfile,301,331,31,0,22,1,21,9,24,1,20,11,11,11,10,5,0.41,20,20,84,73,157,40,835.542710897316,36.5,0.0273972602739726,30497.308947752,1694.29494154178,22.8915811204744,0.325376681001655,0,0,0,0,0,0,0
locust\main.py,is_locust,tup,335,345,12,0,9,1,8,3,1,1,2,1,1,1,1,0,0.33,9,15,22,22,44,24,201.738350031731,6.6,0.151515151515152,1331.47311020942,73.970728344968,30.5664166714744,0.0403428905492049,0,0,0,0,0,1,0
locust\main.py,load_locustfile,path,349,403,55,4,29,3,26,22,12,3,25,5,5,5,1,2,0.76,22,34,102,95,197,56,1144.04891964535,30.7352941176471,0.0325358851674641,35162.6800302761,1953.48222390423,37.2226442755424,0.357766817526112,0,0,0,3,0,0,1
locust\main.py,__import_locustfile__,"filename, path",358,371,14,1,8,2,6,5,2,2,6,2,2,2,1,1,0.62,11,17,30,29,59,28,283.633940401399,9.38235294117647,0.106583072100313,2661.15373494253,147.841874163474,30.2305767198983,0.0640116057300951,0,0,0,0,0,0,0
locust\main.py,main,,405,560,156,21,125,6,119,10,967680,6,111,29,29,29,1,3,0.08,32,131,391,384,775,163,5695.26431952909,46.9007633587786,0.0213216145833333,267112.244115929,14839.5691175516,121.432230771209,1.38253014426065,0,0,0,0,0,0,1
locust\main.py,spawn_run_time_limit_greenlet,,477,482,6,0,6,2,4,0,1,2,4,1,1,1,1,0,0.00,6,13,19,18,37,19,157.173317997413,4.15384615384615,0.240740740740741,652.873782450791,36.2707656917106,37.8380209993771,0.0250860084697846,0,0,0,0,0,0,1
locust\main.py,timelimit_stop,,479,481,3,0,3,1,2,0,1,1,2,1,1,1,1,0,0.00,4,7,8,7,15,11,51.8914742795595,2,0.5,103.782948559119,5.7657193643955,25.9457371397797,0.00736143952641101,0,0,0,0,0,0,0
locust\main.py,shutdown,code='0',528,544,17,1,13,1,12,3,4,1,12,3,3,3,1,1,0.23,11,25,39,40,79,36,408.424075113943,8.8,0.113636363636364,3594.1318610027,199.673992277928,46.4118267174935,0.0782122445524774,0,0,0,0,0,0,1
locust\main.py,sig_term_handler,,547,549,3,0,3,1,2,0,1,1,2,1,1,1,1,0,0.00,4,6,6,6,12,10,39.8631371386484,2,0.5,79.7262742772967,4.42923745984982,19.9315685693242,0.00617466013490111,0,0,0,0,0,0,0
locust\runners.py,__init__,"self, locust_classes, options",31,50,20,1,18,2,16,1,1,2,16,1,1,1,1,0,0.06,10,26,50,56,106,36,548.012050152885,10.7692307692308,0.0928571428571429,5901.66823241568,327.870457356427,50.8868332284822,0.108858398222003,0,0,0,0,0,0,1
locust\runners.py,on_hatch_complete,user_count,45,49,5,0,5,1,4,0,2,1,4,2,2,2,1,1,0.00,6,12,14,14,28,18,116.757900040385,3.5,0.285714285714286,408.652650141347,22.7029250078526,33.3594000115385,0.0183561511470207,0,0,0,0,0,0,1
locust\runners.py,weight_locusts,"self, amount, stop_timeout=None",64,85,22,2,15,1,14,5,9,1,14,5,5,5,3,2,0.33,18,26,63,53,116,44,633.294067761927,18.3461538461538,0.0545073375262055,11618.5103970169,645.472799834271,34.519173504843,0.170993281132115,0,0,0,0,0,0,0
locust\runners.py,spawn_locusts,"self, spawn_count=None, stop_timeout=None, wait=False",87,125,39,5,34,3,31,0,8,3,30,4,4,4,1,1,0.00,27,57,135,119,254,84,1623.64862538581,28.1842105263158,0.0354808590102708,45761.2546786368,2542.29192659093,57.6084479595337,0.426459075294991,0,0,0,0,0,0,1
locust\runners.py,hatch,,102,120,19,1,18,2,16,0,4,2,16,4,4,4,3,2,0.00,22,43,73,65,138,65,831.086758197927,16.6279069767442,0.0601398601398601,13819.233304919,767.735183606612,49.9814414021131,0.191955861397598,0,0,0,0,0,0,1
locust\runners.py,start_locust,_,112,116,5,0,5,1,4,0,2,1,4,2,2,2,1,1,0.00,8,7,12,7,19,15,74.2309213165619,4,0.25,296.923685266247,16.4957602925693,18.5577303291405,0.0148357204070995,0,0,0,0,0,0,0
locust\runners.py,kill_locusts,"self, kill_count",127,144,18,0,15,1,14,3,8,1,14,5,5,5,4,3,0.20,14,24,44,46,90,38,472.313476209923,13.4166666666667,0.0745341614906832,6336.87247248313,352.048470693507,35.2034889100563,0.114146357332417,0,0,0,0,0,0,1
locust\runners.py,start_hatching,"self, locust_count=None, hatch_rate=None, wait=False",146,174,29,1,25,1,24,3,16,1,20,8,8,8,1,3,0.12,19,25,91,77,168,44,917.184511931066,29.26,0.0341763499658236,26836.818819103,1490.93437883906,31.3460188629893,0.298790029667019,0,0,0,0,0,0,1
locust\runners.py,stop,self,176,182,7,0,6,1,5,1,2,1,5,2,2,2,1,1,0.17,9,12,26,21,47,21,206.438918870602,7.875,0.126984126984127,1625.70648610599,90.3170270058883,26.2144658883304,0.0460864763348941,0,0,0,0,0,0,1
locust\runners.py,quit,self,184,186,4,0,4,1,3,0,2,1,3,2,2,2,1,1,0.00,10,13,21,17,38,23,171.895354330167,6.53846153846154,0.152941176470588,1123.93116292801,62.4406201626673,26.2898777210843,0.0360333981612945,0,0,0,0,0,0,1
locust\runners.py,log_exception,"self, node_id, msg, formatted_tb",188,193,6,0,6,1,5,0,1,1,5,1,1,1,1,0,0.00,9,18,30,32,62,27,294.803025134135,8,0.125,2358.42420107308,131.023566726282,36.8503781417669,0.0590599888225248,0,0,0,0,0,0,0
locust\runners.py,__init__,"self, locust_classes, options",196,203,20,1,18,2,16,1,1,2,16,1,1,1,1,0,0.06,10,26,50,56,106,36,548.012050152885,10.7692307692308,0.0928571428571429,5901.66823241568,327.870457356427,50.8868332284822,0.108858398222003,0,0,0,0,0,0,1
locust\runners.py,on_locust_error,"locust_instance, exception, tb",200,202,3,0,3,1,2,0,1,1,2,1,1,1,1,0,0.00,7,18,22,22,44,25,204.329672350088,4.27777777777778,0.233766233766234,874.07693171982,48.55982953999,47.7653779519686,0.0304727641981379,0,0,0,0,0,0,0
locust\runners.py,start_hatching,"self, locust_count=None, hatch_rate=None, wait=False",205,207,29,1,25,1,24,3,16,1,20,8,8,8,1,3,0.12,19,25,91,77,168,44,917.184511931066,29.26,0.0341763499658236,26836.818819103,1490.93437883906,31.3460188629893,0.298790029667019,0,0,0,0,0,0,1
locust\runners.py,__init__,"self, locust_classes, options",210,217,20,1,18,2,16,1,1,2,16,1,1,1,1,0,0.06,10,26,50,56,106,36,548.012050152885,10.7692307692308,0.0928571428571429,5901.66823241568,327.870457356427,50.8868332284822,0.108858398222003,0,0,0,0,0,0,1
locust\runners.py,noop,"self, *args, **kwargs",219,221,3,0,2,1,1,1,1,1,1,1,1,1,1,0,0.50,7,5,8,5,13,12,46.604512509375,3.5,0.285714285714286,163.115793782813,9.06198854348959,13.3155750026786,0.00995121450575078,0,0,0,0,0,0,0
locust\runners.py,__init__,"self, id, state=STATE_INIT, heartbeat_liveness='3'",224,228,20,1,18,2,16,1,1,2,16,1,1,1,1,0,0.06,10,26,50,56,106,36,548.012050152885,10.7692307692308,0.0928571428571429,5901.66823241568,327.870457356427,50.8868332284822,0.108858398222003,0,0,0,0,0,0,1
locust\runners.py,__init__,"self, *args, **kwargs",231,272,20,1,18,2,16,1,1,2,16,1,1,1,1,0,0.06,10,26,50,56,106,36,548.012050152885,10.7692307692308,0.0928571428571429,5901.66823241568,327.870457356427,50.8868332284822,0.108858398222003,0,0,0,0,0,0,1
locust\runners.py,get_by_state,"self, state",235,236,2,0,2,1,1,0,1,1,1,1,1,1,1,0,0.00,11,6,13,11,24,17,98.0991081900082,10.0833333333333,0.0991735537190083,989.166007582582,54.9536670879212,9.72883717586858,0.0330921411160401,0,0,0,0,0,0,0
locust\runners.py,on_slave_report,"client_id, data",261,266,6,1,5,1,4,0,2,1,4,2,2,2,1,1,0.00,11,10,18,16,34,21,149.338792374478,8.8,0.113636363636364,1314.18137289541,73.010076271967,16.9703173152816,0.0399928434794444,0,0,0,0,0,0,0
locust\runners.py,on_quitting,,270,271,2,0,2,1,1,0,1,1,1,1,1,1,1,0,0.00,6,7,11,8,19,13,70.3083546446807,3.42857142857143,0.291666666666667,241.05721592462,13.3920675513678,20.5066034380319,0.0129109689361525,0,0,0,0,0,0,0
locust\runners.py,start_hatching,"self, locust_count, hatch_rate",278,313,29,1,25,1,24,3,16,1,20,8,8,8,1,3,0.12,19,25,91,77,168,44,917.184511931066,29.26,0.0341763499658236,26836.818819103,1490.93437883906,31.3460188629893,0.298790029667019,0,0,0,0,0,0,1
locust\runners.py,stop,self,315,319,7,0,6,1,5,1,2,1,5,2,2,2,1,1,0.17,9,12,26,21,47,21,206.438918870602,7.875,0.126984126984127,1625.70648610599,90.3170270058883,26.2144658883304,0.0460864763348941,0,0,0,0,0,0,1
locust\runners.py,quit,self,321,324,4,0,4,1,3,0,2,1,3,2,2,2,1,1,0.00,10,13,21,17,38,23,171.895354330167,6.53846153846154,0.152941176470588,1123.93116292801,62.4406201626673,26.2898777210843,0.0360333981612945,0,0,0,0,0,0,1
locust\runners.py,heartbeat_worker,self,326,335,10,0,10,1,9,0,4,1,8,4,4,4,1,3,0.00,16,19,34,31,65,35,333.403396101423,13.0526315789474,0.0766129032258065,4351.79169648173,241.766205360096,25.5430021206735,0.0888500093960192,0,0,0,0,0,0,1
locust\runners.py,client_listener,self,337,376,40,1,35,1,34,4,27,1,27,15,15,15,1,3,0.11,22,58,197,192,389,80,2459.23002891118,36.4137931034483,0.0274621212121212,89549.893466559,4974.9940814755,67.5356731424473,0.667199114077311,0,0,0,2,0,0,1
locust\runners.py,__init__,"self, *args, **kwargs",383,416,20,1,18,2,16,1,1,2,16,1,1,1,1,0,0.06,10,26,50,56,106,36,548.012050152885,10.7692307692308,0.0928571428571429,5901.66823241568,327.870457356427,50.8868332284822,0.108858398222003,0,0,0,0,0,0,1
locust\runners.py,on_hatch_complete,user_count,397,399,5,0,5,1,4,0,2,1,4,2,2,2,1,1,0.00,6,12,14,14,28,18,116.757900040385,3.5,0.285714285714286,408.652650141347,22.7029250078526,33.3594000115385,0.0183561511470207,0,0,0,0,0,0,1
locust\runners.py,on_report_to_master,"client_id, data",403,404,2,0,2,1,1,0,1,1,1,1,1,1,1,0,0.00,7,6,7,7,14,13,51.8061560539753,4.08333333333333,0.244897959183673,211.541803887066,11.7523224381703,12.6872218907695,0.011834308349804,0,0,0,0,0,0,0
locust\runners.py,on_quitting,,408,409,2,0,2,1,1,0,1,1,1,1,1,1,1,0,0.00,6,7,11,8,19,13,70.3083546446807,3.42857142857143,0.291666666666667,241.05721592462,13.3920675513678,20.5066034380319,0.0129109689361525,0,0,0,0,0,0,0
locust\runners.py,on_locust_error,"locust_instance, exception, tb",413,415,3,0,3,1,2,0,1,1,2,1,1,1,1,0,0.00,7,18,22,22,44,25,204.329672350088,4.27777777777778,0.233766233766234,874.07693171982,48.55982953999,47.7653779519686,0.0304727641981379,0,0,0,0,0,0,0
locust\runners.py,heartbeat,self,418,421,4,0,4,1,3,0,2,1,3,2,2,2,1,1,0.00,8,12,19,16,35,20,151.267483321058,5.33333333333333,0.1875,806.759911045641,44.8199950580912,28.3626531226983,0.0288873886794366,0,0,0,0,0,0,1
locust\runners.py,worker,self,423,442,20,0,19,1,18,1,5,1,16,5,5,5,1,2,0.05,14,37,82,76,158,51,896.243204031496,14.3783783783784,0.0695488721804511,12886.523906615,715.917994811946,62.3327040397845,0.183218476596669,0,0,0,0,0,0,1
locust\runners.py,stats_reporter,self,444,454,11,1,10,1,9,0,3,1,9,3,3,3,3,2,0.00,12,17,31,25,56,29,272.046935727144,8.82352941176471,0.113333333333333,2400.41413876892,133.356341042718,30.8319860490763,0.0597589368802925,0,0,0,0,0,0,1
locust\stats.py,calculate_response_time_percentile,"response_times, num_requests, percent",38,54,17,2,7,1,6,8,3,1,6,3,3,3,3,2,1.14,16,14,27,24,51,30,250.251420376034,13.7142857142857,0.0729166666666667,3432.01947944276,190.667748857931,18.2474994024192,0.075842372135223,0,0,0,0,0,0,1
locust\stats.py,diff_response_time_dicts,"latest, old",57,70,14,1,7,1,6,6,3,1,6,3,3,3,1,2,0.86,13,9,20,19,39,22,173.917833126855,13.7222222222222,0.0728744939271255,2386.53915457406,132.585508587448,12.6741740740218,0.0595284335583002,0,0,0,0,0,0,1
locust\stats.py,__init__,self,74,78,6,0,6,1,5,0,1,1,5,1,1,1,1,0,0.00,7,7,19,20,39,14,148.486841960247,10,0.1,1484.86841960247,82.4926899779148,14.8486841960247,0.043384779289855,0,0,0,0,0,0,1
locust\stats.py,log_request,"self, method, name, response_time, content_length",92,94,3,0,3,1,2,0,1,1,2,1,1,1,1,0,0.00,5,9,17,18,35,14,133.257422272016,5,0.2,666.287111360081,37.0159506311156,26.6514844544032,0.0254284381988909,0,0,0,0,0,0,0
locust\stats.py,log_error,"self, method, name, error",96,106,11,1,9,1,8,1,2,1,8,2,2,2,1,1,0.11,9,13,35,38,73,22,325.538508160523,13.1538461538462,0.0760233918128655,4282.08345349611,237.893525194228,24.7485415560631,0.0878986415625293,0,0,0,0,0,0,1
locust\stats.py,get,"self, name, method",108,116,9,0,6,1,5,3,2,1,5,2,2,2,1,1,0.50,10,8,24,23,47,18,195.986475067789,14.375,0.0695652173913043,2817.30557909946,156.516976616637,13.6338417438462,0.0664917937095474,0,0,0,0,0,0,1
locust\stats.py,reset_all,self,118,125,8,0,5,1,4,3,2,1,4,2,2,2,1,1,0.60,7,11,18,17,35,18,145.947375050481,5.40909090909091,0.184873949579832,789.442619591238,43.8579233106243,26.9818676563914,0.0284725124306074,0,0,0,0,0,0,1
locust\stats.py,clear_all,self,127,134,8,0,5,1,4,3,1,1,4,1,1,1,1,0,0.60,9,10,21,15,36,19,152.925390483969,6.75,0.148148148148148,1032.24638576679,57.3470214314884,22.6556134050325,0.0340461226419378,0,0,0,0,0,0,1
locust\stats.py,serialize_stats,self,136,137,2,0,2,1,1,0,1,1,1,1,1,1,1,0,0.00,12,10,26,21,47,22,209.593286075953,12.6,0.0793650793650794,2640.87540455701,146.715300253167,16.6343877838058,0.0636860069419464,0,0,0,0,0,0,1
locust\stats.py,serialize_errors,self,139,140,2,0,2,1,1,0,1,1,1,1,1,1,1,0,0.00,9,9,16,12,28,18,116.757900040385,6,0.166666666666667,700.547400242308,38.9193000134616,19.4596500067308,0.0262928156112162,0,0,0,0,0,0,0
locust\stats.py,__init__,"self, stats, name, method, use_response_times_cache=False",206,211,6,0,6,1,5,0,1,1,5,1,1,1,1,0,0.00,7,7,19,20,39,14,148.486841960247,10,0.1,1484.86841960247,82.4926899779148,14.8486841960247,0.043384779289855,0,0,0,0,0,0,1
locust\stats.py,reset,self,213,226,14,0,14,1,13,0,2,1,13,2,2,2,1,1,0.00,8,19,42,42,84,27,399.410550181731,8.8421052631579,0.113095238095238,3531.63012792268,196.201673773482,45.171431270553,0.07730285858389,0,0,0,0,0,0,0
locust\stats.py,log,"self, response_time, content_length",228,241,14,3,8,1,7,3,2,1,7,2,2,2,1,1,0.38,11,15,28,31,59,26,277.325943370324,11.3666666666667,0.0879765395894428,3152.27155630935,175.126197572742,24.3981768360989,0.0716629190149337,0,0,0,0,0,0,1
locust\stats.py,_log_time_of_request,"self, t",243,245,3,0,3,1,2,0,1,1,2,1,1,1,1,0,0.00,8,8,14,15,29,16,116,7.5,0.133333333333333,870,48.3333333333333,15.4666666666667,0.0303779348964256,0,0,0,0,0,0,1
locust\stats.py,_log_response_time,"self, response_time",247,271,25,5,16,1,15,4,8,1,12,5,5,5,1,1,0.25,15,20,57,55,112,35,574.479697897836,20.625,0.0484848484848485,11848.6437691429,658.257987174604,27.8535611101981,0.173243855514143,0,0,0,0,0,0,0
locust\stats.py,log_error,"self, error",273,274,11,1,9,1,8,1,2,1,8,2,2,2,1,1,0.11,9,13,35,38,73,22,325.538508160523,13.1538461538462,0.0760233918128655,4282.08345349611,237.893525194228,24.7485415560631,0.0878986415625293,0,0,0,0,0,0,1
locust\stats.py,extend,"self, other",323,341,19,2,13,1,12,4,4,1,12,3,3,3,1,1,0.31,11,19,80,88,168,30,824.357620062231,25.4736842105263,0.0392561983471074,20999.4256900063,1166.63476055591,32.3611462421124,0.253717461135774,0,0,0,0,0,0,1
locust\stats.py,serialize,self,343,356,15,0,15,1,14,0,1,1,1,1,1,1,1,0,0.00,7,26,41,38,79,33,398.507135429318,5.11538461538462,0.195488721804511,2038.51726969613,113.250959427563,77.9036505350546,0.0535905657607505,0,0,0,0,0,0,0
locust\stats.py,unserialize,"cls, data",359,375,16,0,16,1,15,0,2,1,4,2,2,2,1,1,0.00,10,18,30,26,56,28,269.211875635226,7.22222222222222,0.138461538461538,1944.30799069885,108.017110594381,37.2754904725697,0.0519264683301372,0,0,0,0,0,0,0
locust\stats.py,get_stripped_report,self,377,383,7,0,4,1,3,3,1,1,3,1,1,1,1,0,0.75,6,6,9,9,18,12,64.5293250129808,4.5,0.222222222222222,290.381962558414,16.1323312532452,14.3398500028846,0.014617008607043,0,0,0,0,0,0,0
locust\stats.py,__str__,self,385,399,16,1,15,1,14,0,2,1,5,2,2,2,1,1,0.00,15,23,52,45,97,38,509.048968804028,14.6739130434783,0.0681481481481481,7469.74030310258,414.985572394588,34.6907445407189,0.127374477075051,0,0,0,0,0,0,1
locust\stats.py,get_response_time_percentile,"self, percent",402,409,8,1,2,1,1,5,1,1,1,1,1,1,1,0,2.50,6,7,10,10,20,13,74.0087943628218,4.28571428571429,0.233333333333333,317.180547269236,17.6211415149576,17.2687186846584,0.0155030247853078,0,0,0,0,0,0,1
locust\stats.py,get_current_response_time_percentile,"self, percent",411,446,37,2,19,1,18,16,24,1,14,6,6,6,5,2,0.84,17,23,55,48,103,40,548.158593773398,17.7391304347826,0.0563725490196078,9723.85679389333,540.214266327407,30.9010971980102,0.15185803692553,0,0,0,0,0,0,1
locust\stats.py,percentile,"self, tpl=((' %-' + str(STATS_NAME_WIDTH)) + 's %8d %6d %6d %6d %6d %6d %6d %6d %6d %6d')",449,464,17,1,16,1,15,0,2,1,3,2,2,2,1,1,0.00,14,24,54,49,103,38,540.536533884689,14.2916666666667,0.0699708454810496,7725.16796343535,429.175997968631,37.8217982893077,0.130261887193591,0,0,0,0,0,0,1
locust\stats.py,_cache_response_times,"self, t",467,483,17,3,9,1,8,5,3,1,5,3,3,3,1,2,0.56,14,16,34,31,65,30,318.947888714554,13.5625,0.0737327188940092,4325.73074069113,240.318374482841,23.5168950204279,0.0884949321310442,0,0,0,0,0,0,1
locust\stats.py,__init__,"self, method, name, error, occurences='0'",487,491,6,0,6,1,5,0,1,1,5,1,1,1,1,0,0.00,7,7,19,20,39,14,148.486841960247,10,0.1,1484.86841960247,82.4926899779148,14.8486841960247,0.043384779289855,0,0,0,0,0,0,1
locust\stats.py,parse_error,"cls, error",493,505,12,0,12,1,11,0,3,1,11,3,3,3,3,1,0.00,12,18,33,36,69,30,338.575451096988,12,0.0833333333333333,4062.90541316385,225.716967397992,28.214620924749,0.0848730650897888,0,0,0,0,0,0,0
locust\stats.py,create_key,"cls, method, name, error",507,510,3,0,3,1,2,0,1,1,2,1,1,1,1,0,0.00,8,14,20,18,38,22,169.458401508217,5.14285714285714,0.194444444444444,871.500350613689,48.4166861452049,32.9502447377089,0.0304128501939242,0,0,0,0,0,0,0
locust\stats.py,occured,self,512,513,2,0,2,1,1,0,1,1,1,1,1,1,1,0,0.00,5,4,5,5,10,9,31.6992500144231,3.125,0.32,99.0601562950723,5.5033420163929,10.1437600046154,0.00713638192428737,0,0,0,0,0,0,0
locust\stats.py,to_name,self,515,517,3,0,3,1,2,0,1,1,1,1,1,1,1,0,0.00,7,7,12,10,22,14,83.7618082852673,5,0.2,418.809041426336,23.2671689681298,16.7523616570535,0.0186590463928824,0,0,0,0,0,0,1
locust\stats.py,to_dict,self,519,524,7,0,7,1,6,0,1,1,1,1,1,1,1,0,0.00,7,12,18,16,34,19,144.429535457082,4.66666666666667,0.214285714285714,674.004498799715,37.444694377762,30.9491861693747,0.0256244139881834,0,0,0,0,0,0,0
locust\stats.py,from_dict,"cls, data",527,533,7,0,7,1,6,0,1,1,1,1,1,1,1,0,0.00,6,7,13,12,25,13,92.5109929535273,5.14285714285714,0.194444444444444,475.770820903855,26.4317122724364,17.9882486298525,0.0203147093951513,0,0,0,0,0,0,1
locust\stats.py,avg,values,537,538,2,0,2,1,1,0,1,1,1,1,1,1,1,0,0.00,6,7,10,9,19,13,70.3083546446807,3.85714285714286,0.259259259259259,271.189367915197,15.0660759952887,18.2280919449172,0.0139656295503137,0,0,0,0,0,0,0
locust\stats.py,median_from_dict,"total, count",540,549,10,0,6,1,5,4,3,1,5,3,3,3,3,2,0.67,15,11,21,20,41,26,192.718028443785,13.6363636363636,0.0733333333333333,2627.97311514252,145.998506396807,14.1326554192109,0.0634784076412624,0,0,0,0,0,0,0
locust\stats.py,on_request_success,"request_type, name, response_time, response_length, **kwargs",557,558,2,0,2,1,1,0,1,1,1,1,1,1,1,0,0.00,6,8,13,12,25,14,95.1838730514401,4.5,0.222222222222222,428.32742873148,23.79596826286,21.1519717892089,0.0189406990108271,0,0,0,0,0,0,0
locust\stats.py,on_request_failure,"request_type, name, response_time, exception, **kwargs",560,562,3,0,3,1,2,0,1,1,2,1,1,1,1,0,0.00,6,10,17,17,34,16,136,5.1,0.196078431372549,693.6,38.5333333333333,26.6666666666667,0.026118694656918,0,0,0,0,0,0,0
locust\stats.py,on_report_to_master,"client_id, data",564,568,5,0,5,1,4,0,1,1,4,1,1,1,1,0,0.00,8,12,20,18,38,20,164.23326760572,6,0.166666666666667,985.399605634319,54.7444225352399,27.37221126762,0.0330080854337387,0,0,0,0,0,0,1
locust\stats.py,on_slave_report,"client_id, data",570,596,27,2,16,1,15,9,18,1,14,6,6,6,1,2,0.56,14,29,76,74,150,43,813.939713205315,17.8620689655172,0.055984555984556,14538.6472910467,807.70262728037,45.5680534419964,0.198561363177966,0,0,0,0,0,0,0
locust\stats.py,print_stats,stats,605,625,21,2,19,1,18,1,4,1,18,3,3,3,1,1,0.05,16,38,73,75,148,54,851.723350320193,15.7894736842105,0.0633333333333333,13448.2634261083,747.125745894906,53.9424788536123,0.188505004120551,0,0,0,0,0,0,1
locust\stats.py,print_percentile_stats,stats,627,640,14,1,13,1,12,1,6,1,12,4,4,4,1,2,0.08,13,33,59,58,117,46,646.256748858671,11.4242424242424,0.0875331564986737,7382.99376726421,410.166320403567,56.5688931361701,0.126386420253399,0,0,0,0,0,0,1
locust\stats.py,print_error_report,,642,651,10,0,10,1,9,1,3,1,9,3,3,3,1,1,0.10,13,20,42,37,79,33,398.507135429318,12.025,0.0831600831600832,4792.04830353755,266.224905752086,33.1398865221886,0.0947457060800796,0,0,0,0,0,0,0
locust\stats.py,stats_printer,,653,657,5,0,5,2,3,0,2,2,3,2,2,2,1,1,0.00,8,8,14,9,23,16,92,4.5,0.222222222222222,414,23,20.4444444444444,0.0185159346518386,0,0,0,0,0,0,1
locust\stats.py,stats_writer,base_filepath,659,663,5,0,4,1,3,1,2,1,3,2,2,2,1,1,0.25,6,7,9,8,17,13,62.9074752083986,3.42857142857143,0.291666666666667,215.682772143081,11.9823762301712,18.3480136024496,0.0119882479423347,0,0,0,0,0,0,1
locust\stats.py,write_stat_csvs,base_filepath,666,672,7,1,5,1,4,1,1,1,4,1,1,1,1,1,0.20,8,12,21,19,40,20,172.877123795495,6.33333333333333,0.157894736842105,1094.8884507048,60.8271361502666,27.2963879677097,0.0354099512138116,0,0,0,0,0,0,0
locust\stats.py,sort_stats,stats,675,676,2,0,2,1,1,0,1,1,1,1,1,1,1,0,0.00,8,6,11,9,20,14,76.1470984411521,6,0.166666666666667,456.882590646912,25.3823661470507,12.6911830735253,0.0197734212422949,0,0,0,0,0,0,0
locust\stats.py,requests_csv,,679,711,33,2,31,2,29,0,2,2,5,2,2,2,1,1,0.00,14,37,61,53,114,51,646.656488984751,10.027027027027,0.0997304582210242,6484.0420922525,360.224560680694,64.4913479580479,0.11590690135696,0,0,0,0,0,0,1
locust\stats.py,distribution_csv,,713,736,24,2,21,2,19,1,3,2,6,3,3,3,1,2,0.05,15,32,51,43,94,47,522.131352057698,10.078125,0.0992248062015504,5262.10503245649,292.339168469805,51.8083822196785,0.100844392382015,0,0,0,0,0,0,0
locust\web.py,index,,32,52,21,2,19,1,18,0,6,1,9,4,4,4,1,1,0.00,13,16,53,48,101,29,490.656080507885,19.5,0.0512820512820513,9567.79356990375,531.544087216875,25.1618502824556,0.150228827037998,0,0,0,0,0,0,1
locust\web.py,swarm,,55,62,7,1,6,1,5,0,1,1,5,1,1,1,1,0,0.00,12,18,25,23,48,30,235.530748589209,7.66666666666667,0.130434782608696,1805.73573918393,100.318652176885,30.7214019898968,0.0494289677631546,0,0,0,0,0,0,1
locust\web.py,stop,,64,67,3,0,3,1,2,0,1,1,2,1,1,1,1,0,0.00,8,7,13,8,21,15,82.0447025077789,4.57142857142857,0.21875,375.061497178418,20.8367498432454,17.9472786735766,0.0173359269075058,0,0,0,0,0,0,1
locust\web.py,reset_stats,,69,72,3,0,3,1,2,0,1,1,2,1,1,1,1,0,0.00,5,6,8,6,14,11,48.4320426609222,2.5,0.4,121.080106652305,6.72667259179475,19.3728170643689,0.00815819237144079,0,0,0,0,0,0,0
locust\web.py,request_stats_csv,,74,81,7,0,7,1,6,0,1,1,6,1,1,1,1,0,0.00,7,14,20,21,41,21,180.085014333929,5.25,0.19047619047619,945.446325253128,52.524795847396,34.301907492177,0.0321097307629572,0,0,0,0,0,0,0
locust\web.py,distribution_stats_csv,,83,90,7,0,7,1,6,0,1,1,6,1,1,1,1,0,0.00,7,14,20,21,41,21,180.085014333929,5.25,0.19047619047619,945.446325253128,52.524795847396,34.301907492177,0.0321097307629572,0,0,0,0,0,0,0
locust\web.py,request_stats,,92,134,41,8,31,1,30,2,12,1,19,5,5,5,1,2,0.06,14,64,136,130,266,78,1671.91699021736,14.21875,0.0703296703296703,23772.5697046531,1320.69831692517,117.585370740561,0.275589604537016,0,0,0,0,0,0,1
locust\web.py,exceptions,,136,145,11,0,11,1,10,0,1,1,1,1,1,1,1,0,0.00,10,14,28,23,51,24,233.833087536779,8.21428571428571,0.121739130434783,1920.77179048068,106.709543915594,28.4666367436079,0.0515065654308732,0,0,0,0,0,0,1
locust\web.py,exceptions_csv,,149,164,15,1,14,1,13,0,2,1,13,2,2,2,1,1,0.00,10,38,54,57,111,48,619.930837580048,7.5,0.133333333333333,4649.48128185036,258.304515658354,82.6574450106731,0.0928570924861815,0,0,0,0,0,0,0
locust\web.py,start,"locust, options",166,168,3,0,3,1,2,0,1,1,1,1,1,1,1,0,0.00,7,10,16,12,28,17,114.44895955501,4.2,0.238095238095238,480.68563013104,26.7047572295022,27.2497522750023,0.0204543730058597,0,0,0,0,0,0,1
locust\rpc\protocol.py,__init__,"self, message_type, data, node_id",5,8,4,0,4,1,3,0,1,1,3,1,1,1,1,0,0.00,6,6,12,14,26,12,93.2090250187501,7,0.142857142857143,652.463175131251,36.2479541739584,13.3155750026786,0.0250754892556292,0,0,0,0,0,0,0
locust\rpc\protocol.py,serialize,self,10,11,2,0,2,1,1,0,1,1,1,1,1,1,1,0,0.00,6,7,12,10,22,13,81.409673799104,4.28571428571429,0.233333333333333,348.89860199616,19.3832556664533,18.9955905531243,0.0165200578878722,0,0,0,0,0,0,0
locust\rpc\protocol.py,unserialize,"cls, data",13,16,3,0,3,1,2,0,1,1,2,1,1,1,1,0,0.00,9,7,13,10,23,16,92,6.42857142857143,0.155555555555556,591.428571428571,32.8571428571429,14.3111111111111,0.0234862463905314,0,0,0,0,0,0,0
locust\rpc\zmqrpc.py,__init__,"self, sock_type",7,9,3,0,3,1,2,0,1,1,2,1,1,1,1,0,0.00,6,10,15,15,30,16,120,4.5,0.222222222222222,540,30,26.6666666666667,0.0221041889918423,0,0,0,0,0,0,0
locust\rpc\zmqrpc.py,send,"self, msg",11,13,2,0,2,1,1,0,1,1,1,1,1,1,1,0,0.00,5,5,9,8,17,10,56.4727776130852,4,0.25,225.891110452341,12.5495061362411,14.1181944032713,0.0123635969533475,0,0,0,0,0,0,0
locust\rpc\zmqrpc.py,send_to_client,"self, msg",15,17,2,0,2,1,1,0,1,1,1,1,1,1,1,0,0.00,6,8,14,11,25,14,95.1838730514401,4.125,0.242424242424242,392.63347633719,21.8129709076217,23.0748783155006,0.0178732540629183,0,0,0,0,0,0,0
locust\rpc\zmqrpc.py,recv,self,19,23,4,0,4,1,3,0,1,1,3,1,1,1,1,0,0.00,6,7,11,11,22,13,81.409673799104,4.71428571428571,0.212121212121212,383.788462195776,21.3215812330987,17.2687186846584,0.0176038106368305,0,0,0,0,0,0,0
locust\rpc\zmqrpc.py,recv_from_client,self,25,30,5,0,5,1,4,0,1,1,4,1,1,1,1,0,0.00,8,12,17,17,34,20,146.94555522617,5.66666666666667,0.176470588235294,832.691479614965,46.260637756387,25.9315685693242,0.0295031345008063,0,0,0,0,0,0,0
locust\rpc\zmqrpc.py,__init__,"self, host, port",33,35,3,0,3,1,2,0,1,1,2,1,1,1,1,0,0.00,6,10,15,15,30,16,120,4.5,0.222222222222222,540,30,26.6666666666667,0.0221041889918423,0,0,0,0,0,0,0
locust\rpc\zmqrpc.py,__init__,"self, host, port, identity",38,41,3,0,3,1,2,0,1,1,2,1,1,1,1,0,0.00,6,10,15,15,30,16,120,4.5,0.222222222222222,540,30,26.6666666666667,0.0221041889918423,0,0,0,0,0,0,0
locust\test\testcases.py,ultra_fast,,21,23,2,0,2,1,1,0,1,1,1,1,1,1,1,0,0.00,4,2,4,2,6,6,15.5097750043269,2,0.5,31.0195500086539,1.7233083338141,7.75488750216347,0.00329080696264077,0,0,0,0,0,0,0
locust\test\testcases.py,fast,,25,28,3,0,3,1,2,0,1,1,2,1,1,1,1,0,0.00,7,9,11,9,20,16,80,3.5,0.285714285714286,280,15.5555555555556,22.8571428571429,0.0142664997408677,0,0,0,0,0,0,0
locust\test\testcases.py,slow,,30,37,7,0,7,1,6,0,2,1,5,2,2,2,1,1,0.00,10,15,22,19,41,25,190.398103780764,6.33333333333333,0.157894736842105,1205.85465727817,66.9919254043428,30.0628584916995,0.0377637738915916,0,0,0,0,0,0,0
locust\test\testcases.py,consistent,,39,42,3,0,3,1,2,0,1,1,2,1,1,1,1,0,0.00,5,5,6,5,11,10,36.541209043761,2.5,0.4,91.3530226094025,5.07516792274458,14.6164836175044,0.00676125568483764,0,0,0,0,0,0,0
locust\test\testcases.py,request_method,,44,46,2,0,2,1,1,0,1,1,1,1,1,1,1,0,0.00,5,3,5,3,8,8,24,2.5,0.4,60,3.33333333333333,9.6,0.00510872954929035,0,0,0,0,0,0,0
locust\test\testcases.py,request_header_test,,48,50,2,0,2,1,1,0,1,1,1,1,1,1,1,0,0.00,6,4,6,4,10,10,33.2192809488736,3,0.333333333333333,99.6578428466209,5.53654682481227,11.0730936496245,0.00716505838337774,0,0,0,0,0,0,0
locust\test\testcases.py,manipulate,,52,55,2,0,2,1,1,0,1,1,1,1,1,1,1,0,0.00,6,7,9,7,16,13,59.2070354902575,3,0.333333333333333,177.621106470772,9.86783924837625,19.7356784967525,0.0105327504021326,0,0,0,0,0,0,0
locust\test\testcases.py,failed_request,,57,59,2,0,2,1,1,0,1,1,1,1,1,1,1,0,0.00,5,3,5,3,8,8,24,2.5,0.4,60,3.33333333333333,9.6,0.00510872954929035,0,0,0,0,0,0,0
locust\test\testcases.py,do_redirect,,61,67,6,0,6,1,5,0,2,1,5,2,2,2,1,1,0.00,8,13,19,19,38,21,166.908062065593,5.84615384615385,0.171052631578947,975.770208998851,54.2094560554917,28.5500632480619,0.0327926954008129,0,0,0,0,0,0,0
locust\test\testcases.py,basic_auth,,69,76,7,0,7,1,6,0,2,1,6,2,2,2,1,1,0.00,10,21,26,26,52,31,257.618208140118,6.19047619047619,0.161538461538462,1594.77938372454,88.5988546513632,41.6152490072498,0.0455001142445951,0,0,0,0,0,0,1
locust\test\testcases.py,no_content_length,,78,83,5,0,5,1,4,0,1,1,2,1,1,1,1,0,0.00,8,10,14,11,25,18,104.248125036058,4.4,0.227272727272727,458.691750158654,25.4828750088141,23.6927556900131,0.0198255859285006,0,0,0,0,0,0,1
locust\test\testcases.py,not_found,error,85,87,2,0,2,1,1,0,1,1,1,1,1,1,1,0,0.00,5,4,5,4,9,9,28.5293250129808,2.5,0.4,71.323312532452,3.96240625180289,11.4117300051923,0.00573279504538652,0,0,0,0,0,0,0
locust\test\testcases.py,streaming_response,iterations,89,98,9,0,9,3,6,0,1,3,6,1,1,1,1,0,0.00,12,15,23,19,42,27,199.705275090866,7.6,0.131578947368421,1517.76009069058,84.3200050383655,26.2770098803771,0.0440231212839706,0,0,0,0,0,0,1
locust\test\testcases.py,generate,,92,97,6,0,6,1,5,0,2,1,5,2,2,2,1,1,0.00,8,10,13,11,24,18,100.078200034615,4.4,0.227272727272727,440.344080152308,24.4635600084616,22.7450454624126,0.0192933149276382,0,0,0,0,0,0,0
locust\test\testcases.py,set_cookie,,100,104,4,0,4,1,3,0,1,1,3,1,1,1,1,0,0.00,7,9,15,15,30,16,120,5.83333333333333,0.171428571428571,700,38.8888888888889,20.5714285714286,0.0262791172103508,0,0,0,0,0,0,0
locust\test\testcases.py,get_cookie,,106,108,2,0,2,1,1,0,1,1,1,1,1,1,1,0,0.00,6,8,12,10,22,14,83.7618082852673,3.75,0.266666666666667,314.106781069752,17.4503767260974,22.3364822094046,0.0154027034307618,0,0,0,0,0,0,0
locust\test\testcases.py,setUp,self,116,135,20,2,11,1,10,7,6,1,10,4,4,4,1,2,0.64,15,24,39,33,72,39,380.548959758082,10.3125,0.096969696969697,3924.41114750522,218.022841528068,36.9017173098746,0.0829331979613975,0,0,0,1,0,1,1
locust\test\testcases.py,tearDown,self,137,139,3,0,3,1,2,0,2,1,2,2,2,2,1,1,0.00,8,8,12,11,23,16,92,5.5,0.181818181818182,506,28.1111111111111,16.7272727272727,0.0211663394387312,0,0,0,0,0,0,0
locust\test\testcases.py,setUp,self,146,152,20,2,11,1,10,7,6,1,10,4,4,4,1,2,0.64,15,24,39,33,72,39,380.548959758082,10.3125,0.096969696969697,3924.41114750522,218.022841528068,36.9017173098746,0.0829331979613975,0,0,0,0,0,0,1
locust\test\testcases.py,tearDown,self,154,157,3,0,3,1,2,0,2,1,2,2,2,2,1,1,0.00,8,8,12,11,23,16,92,5.5,0.181818181818182,506,28.1111111111111,16.7272727272727,0.0211663394387312,0,0,0,0,0,0,0
locust\test\test_client.py,test_get,self,11,14,4,0,4,1,3,0,1,1,3,1,1,1,1,0,0.00,7,12,14,16,30,19,127.437825403308,4.66666666666667,0.214285714285714,594.709851882102,33.0394362156723,27.3081054435659,0.0235730349788404,0,0,0,0,0,0,0
locust\test\test_client.py,test_connection_error,self,16,21,6,0,6,1,5,0,1,1,5,1,1,1,1,0,0.00,7,17,23,25,48,24,220.078200034616,5.14705882352941,0.194285714285714,1132.75544135464,62.9308578530355,42.7580502924396,0.0362217573288139,0,0,0,0,0,0,0
locust\test\test_client.py,test_wrong_url,self,23,33,11,0,11,1,10,0,3,1,6,3,3,3,1,2,0.00,11,18,31,24,55,29,267.188954732017,7.33333333333333,0.136363636363636,1959.38566803479,108.854759335266,36.4348574634568,0.0521945747212208,0,0,0,0,0,0,1
locust\test\test_client.py,test_streaming_response,self,35,52,18,3,9,1,8,6,1,1,8,1,1,1,1,0,0.67,8,22,44,49,93,30,456.340825391592,8.90909090909091,0.112244897959184,4065.58189894328,225.865661052404,51.2219293806889,0.0849103350719139,0,0,0,0,0,0,1
locust\test\test_client.py,test_slow_redirect,self,54,60,7,0,7,1,6,0,1,1,6,1,1,1,1,0,0.00,7,20,24,29,53,27,252.009037614664,5.075,0.197044334975369,1278.94586589442,71.0525481052455,49.6569532245643,0.0392747582272939,0,0,0,0,0,0,0
locust\test\test_client.py,test_post_redirect,self,62,70,9,0,9,1,8,0,1,1,8,1,1,1,1,0,0.00,7,23,33,40,73,30,358.203013479422,6.08695652173913,0.164285714285714,2180.36616900518,121.131453833621,58.8476379287622,0.0560486343334391,0,0,0,0,0,0,0
locust\test\test_client.py,test_cookie,self,72,77,6,0,6,1,5,0,1,1,5,1,1,1,1,0,0.00,7,17,23,26,49,24,224.663162535337,5.35294117647059,0.186813186813187,1202.60869357151,66.811594087306,41.9700413527552,0.0376959741785913,0,0,0,0,0,0,0
locust\test\test_client.py,test_head,self,79,83,5,0,5,1,4,0,1,1,4,1,1,1,1,0,0.00,7,15,20,22,42,22,187.296127982766,5.13333333333333,0.194805194805195,961.453456978201,53.4140809432334,36.4862586979415,0.032471143938336,0,0,0,0,0,0,0
locust\test\test_client.py,test_delete,self,85,89,5,0,5,1,4,0,1,1,4,1,1,1,1,0,0.00,7,15,20,22,42,22,187.296127982766,5.13333333333333,0.194805194805195,961.453456978201,53.4140809432334,36.4862586979415,0.032471143938336,0,0,0,0,0,0,0
locust\test\test_client.py,test_options,self,91,98,9,0,9,1,8,0,1,1,5,1,1,1,1,0,0.00,8,26,36,37,73,34,371.384787411275,5.69230769230769,0.175675675675676,2114.03648218726,117.446471232625,65.2432734641429,0.0549060747621769,0,0,0,0,0,0,0
locust\test\test_locust_class.py,setUp,self,12,17,6,1,5,2,3,0,1,2,3,1,1,1,1,0,0.00,7,9,14,13,27,16,108,5.05555555555556,0.197802197802198,546,30.3333333333333,21.3626373626374,0.022267622000358,0,0,0,0,0,0,1
locust\test\test_locust_class.py,test_task_ratio,self,19,31,13,3,10,2,8,0,1,2,8,1,1,1,1,0,0.00,15,16,44,41,85,31,421.106686382884,19.21875,0.0520325203252033,8093.14412892106,449.619118273392,21.9112422182964,0.134366270127656,0,0,0,0,0,0,1
locust\test\test_locust_class.py,test_task_decorator_ratio,self,33,59,27,6,21,6,15,0,1,4,15,1,1,1,1,0,0.00,17,26,85,81,166,43,900.759949280548,26.4807692307692,0.037763253449528,23852.8163492176,1325.15646384542,34.0156262618653,0.276209442666235,0,0,0,0,0,0,1
locust\test\test_locust_class.py,t3,self,40,42,2,0,2,1,1,0,1,1,1,1,1,1,1,0,0.00,4,2,4,2,6,6,15.5097750043269,2,0.5,31.0195500086539,1.7233083338141,7.75488750216347,0.00329080696264077,0,0,0,0,0,0,0
locust\test\test_locust_class.py,t4,self,44,46,2,0,2,1,1,0,1,1,1,1,1,1,1,0,0.00,4,2,4,2,6,6,15.5097750043269,2,0.5,31.0195500086539,1.7233083338141,7.75488750216347,0.00329080696264077,0,0,0,0,0,0,0
locust\test\test_locust_class.py,test_on_start,self,61,80,20,4,16,6,10,0,1,5,10,1,1,1,1,0,0.00,12,18,48,38,86,30,421.992591222333,12.6666666666667,0.0789473684210526,5345.23948881621,296.957749378679,33.3152045701842,0.101903755780516,0,0,0,0,0,0,1
locust\test\test_locust_class.py,on_start,self,66,67,2,0,2,1,1,0,1,1,1,1,1,1,1,0,0.00,6,5,6,6,12,11,41.5131794236476,3.6,0.277777777777778,149.447445925131,8.30263588472951,11.531438728791,0.00938723615311229,0,0,0,0,0,0,0
locust\test\test_locust_class.py,t1,self,69,70,2,0,2,1,1,0,1,1,1,1,1,1,1,0,0.00,5,7,8,8,16,12,57.3594000115385,2.85714285714286,0.35,163.884000032967,9.10466666849817,20.0757900040385,0.00998243403419704,0,0,0,0,0,0,0
locust\test\test_locust_class.py,t2,self,72,75,3,0,3,1,2,0,1,1,2,1,1,1,1,0,0.00,8,5,10,6,16,13,59.2070354902575,4.8,0.208333333333333,284.193770353236,15.788542797402,12.3347990604703,0.0144085998719969,0,0,0,0,0,0,1
locust\test\test_locust_class.py,test_schedule_task,self,82,102,21,5,16,4,12,0,1,4,12,1,1,1,1,0,0.00,11,19,48,46,94,30,461.247715987201,13.3157894736842,0.075098814229249,6141.87748130325,341.215415627958,34.6391565365882,0.111792545352293,0,0,0,0,0,0,0
locust\test\test_locust_class.py,t1,l,86,87,2,0,2,1,1,0,1,1,1,1,1,1,1,0,0.00,5,7,8,8,16,12,57.3594000115385,2.85714285714286,0.35,163.884000032967,9.10466666849817,20.0757900040385,0.00998243403419704,0,0,0,0,0,0,0
locust\test\test_locust_class.py,t2,"l, arg",89,90,3,0,3,1,2,0,1,1,2,1,1,1,1,0,0.00,8,5,10,6,16,13,59.2070354902575,4.8,0.208333333333333,284.193770353236,15.788542797402,12.3347990604703,0.0144085998719969,0,0,0,0,0,0,1
locust\test\test_locust_class.py,test_schedule_task_with_kwargs,self,104,122,19,1,18,6,12,0,1,4,12,1,1,1,1,0,0.00,13,26,79,72,151,39,798.0957350482,18,0.0555555555555556,14365.7232308676,798.0957350482,44.3386519471222,0.19698375352484,0,0,0,0,0,0,0
locust\test\test_locust_class.py,t1,self,106,108,2,0,2,1,1,0,1,1,1,1,1,1,1,0,0.00,5,7,8,8,16,12,57.3594000115385,2.85714285714286,0.35,163.884000032967,9.10466666849817,20.0757900040385,0.00998243403419704,0,0,0,0,0,0,0
locust\test\test_locust_class.py,t2,"self, *args, **kwargs",109,112,3,0,3,1,2,0,1,1,2,1,1,1,1,0,0.00,8,5,10,6,16,13,59.2070354902575,4.8,0.208333333333333,284.193770353236,15.788542797402,12.3347990604703,0.0144085998719969,0,0,0,0,0,0,1
locust\test\test_locust_class.py,test_schedule_task_bound_method,self,124,140,17,2,15,5,10,0,1,4,10,1,1,1,1,0,0.00,8,17,41,39,80,25,371.508495181978,9.17647058823529,0.108974358974359,3409.13677931697,189.396487739832,40.4849001159848,0.0755048813310054,0,0,0,0,0,0,1
locust\test\test_locust_class.py,t1,self,128,131,2,0,2,1,1,0,1,1,1,1,1,1,1,0,0.00,5,7,8,8,16,12,57.3594000115385,2.85714285714286,0.35,163.884000032967,9.10466666849817,20.0757900040385,0.00998243403419704,0,0,0,0,0,0,0
locust\test\test_locust_class.py,t2,self,132,133,3,0,3,1,2,0,1,1,2,1,1,1,1,0,0.00,8,5,10,6,16,13,59.2070354902575,4.8,0.208333333333333,284.193770353236,15.788542797402,12.3347990604703,0.0144085998719969,0,0,0,0,0,0,1
locust\test\test_locust_class.py,test_taskset_inheritance,self,143,156,14,1,13,6,7,0,1,5,7,1,1,1,1,0,0.00,10,18,38,34,72,28,346.129554388147,9.44444444444444,0.105882352941176,3269.00134699917,181.611185944398,36.649011641098,0.073421312696299,0,0,0,0,0,0,1
locust\test\test_locust_class.py,t1,l,144,145,2,0,2,1,1,0,1,1,1,1,1,1,1,0,0.00,5,7,8,8,16,12,57.3594000115385,2.85714285714286,0.35,163.884000032967,9.10466666849817,20.0757900040385,0.00998243403419704,0,0,0,0,0,0,0
locust\test\test_locust_class.py,t2,self,150,152,3,0,3,1,2,0,1,1,2,1,1,1,1,0,0.00,8,5,10,6,16,13,59.2070354902575,4.8,0.208333333333333,284.193770353236,15.788542797402,12.3347990604703,0.0144085998719969,0,0,0,0,0,0,1
locust\test\test_locust_class.py,test_task_decorator_with_or_without_argument,self,158,178,21,2,19,10,9,0,1,7,9,1,1,1,1,0,0.00,9,15,53,48,101,24,463.081212572837,14.4,0.0694444444444444,6668.36946104885,370.46497005827,32.1584175397803,0.118093278931633,0,0,0,0,0,0,1
locust\test\test_locust_class.py,t1,self,160,162,2,0,2,1,1,0,1,1,1,1,1,1,1,0,0.00,5,7,8,8,16,12,57.3594000115385,2.85714285714286,0.35,163.884000032967,9.10466666849817,20.0757900040385,0.00998243403419704,0,0,0,0,0,0,0
locust\test\test_locust_class.py,t1,self,167,169,2,0,2,1,1,0,1,1,1,1,1,1,1,0,0.00,5,7,8,8,16,12,57.3594000115385,2.85714285714286,0.35,163.884000032967,9.10466666849817,20.0757900040385,0.00998243403419704,0,0,0,0,0,0,0
locust\test\test_locust_class.py,t1,self,174,176,2,0,2,1,1,0,1,1,1,1,1,1,1,0,0.00,5,7,8,8,16,12,57.3594000115385,2.85714285714286,0.35,163.884000032967,9.10466666849817,20.0757900040385,0.00998243403419704,0,0,0,0,0,0,0
locust\test\test_locust_class.py,test_wait_function,self,180,186,7,0,7,2,5,0,1,2,5,1,1,1,1,0,0.00,10,14,24,24,48,24,220.078200034616,8.57142857142857,0.116666666666667,1886.38457172528,104.799142873626,25.6757900040385,0.0508899747979081,0,0,0,0,0,0,1
locust\test\test_locust_class.py,test_sub_taskset,self,188,204,17,2,15,5,10,0,1,4,10,1,1,1,1,0,0.00,12,21,45,40,85,33,428.773500145469,11.4285714285714,0.0875,4900.26857309107,272.237142949504,37.5176812627285,0.0961668374914727,0,0,0,0,0,0,1
locust\test\test_locust_class.py,a_task,self,192,195,3,0,3,1,2,0,1,1,2,1,1,1,1,0,0.00,6,5,9,7,16,11,55.3509058981968,4.2,0.238095238095238,232.473804772426,12.9152113762459,13.1787871186183,0.0126026370115147,0,0,0,0,0,0,0
locust\test\test_locust_class.py,test_sub_taskset_tasks_decorator,self,206,221,16,1,15,6,9,0,1,4,9,1,1,1,1,0,0.00,11,20,44,39,83,31,411.198293762111,10.725,0.0932400932400932,4410.10170059864,245.005650033258,38.3401672505465,0.0896419196990412,0,0,0,0,0,0,1
locust\test\test_locust_class.py,a_task,self,212,215,3,0,3,1,2,0,1,1,2,1,1,1,1,0,0.00,6,5,9,7,16,11,55.3509058981968,4.2,0.238095238095238,232.473804772426,12.9152113762459,13.1787871186183,0.0126026370115147,0,0,0,0,0,0,0
locust\test\test_locust_class.py,test_sub_taskset_arguments,self,223,244,22,2,20,5,15,0,1,4,15,1,1,1,1,0,0.00,12,29,76,69,145,41,776.845040669622,14.2758620689655,0.070048309178744,11090.1326495594,616.11848053108,54.4166815927996,0.165768970052325,0,0,0,0,0,0,0
locust\test\test_locust_class.py,a_task,self,227,231,3,0,3,1,2,0,1,1,2,1,1,1,1,0,0.00,6,5,9,7,16,11,55.3509058981968,4.2,0.238095238095238,232.473804772426,12.9152113762459,13.1787871186183,0.0126026370115147,0,0,0,0,0,0,0
locust\test\test_locust_class.py,test_interrupt_taskset_in_main_taskset,self,246,282,37,4,33,9,24,0,9,7,24,5,5,5,5,1,0.00,16,33,95,78,173,49,971.344803031931,18.9090909090909,0.0528846153846154,18367.2471846038,1020.40262136688,51.3691963141887,0.232046377199893,0,0,0,0,0,0,0
locust\test\test_locust_class.py,interrupted_task,self,248,250,3,0,3,1,2,0,1,1,2,1,1,1,1,1,0.00,10,8,14,9,23,18,95.9082750331732,5.625,0.177777777777778,539.484047061599,29.9713359478666,17.0503600058975,0.0220901068459475,0,0,0,0,0,0,0
locust\test\test_locust_class.py,interrupted_task,self,256,258,3,0,3,1,2,0,1,1,2,1,1,1,1,1,0.00,10,8,14,9,23,18,95.9082750331732,5.625,0.177777777777778,539.484047061599,29.9713359478666,17.0503600058975,0.0220901068459475,0,0,0,0,0,0,0
locust\test\test_locust_class.py,test_on_start_interrupt,self,284,299,16,2,14,4,10,0,1,4,9,1,1,1,1,0,0.00,13,19,50,38,88,32,440,13,0.0769230769230769,5720,317.777777777778,33.8461538461538,0.106612820044371,0,0,0,0,0,0,1
locust\test\test_locust_class.py,on_start,self,286,290,2,0,2,1,1,0,1,1,1,1,1,1,1,0,0.00,6,5,6,6,12,11,41.5131794236476,3.6,0.277777777777778,149.447445925131,8.30263588472951,11.531438728791,0.00938723615311229,0,0,0,0,0,0,0
locust\test\test_locust_class.py,test_parent_attribute,self,302,327,26,4,22,11,11,0,1,9,11,1,1,1,1,0,0.00,13,26,57,53,110,39,581.394244074847,13.25,0.0754716981132075,7703.47373399173,427.97076299954,43.8788108735734,0.130017900647223,0,0,0,0,0,0,1
locust\test\test_locust_class.py,on_start,self,307,308,2,0,2,1,1,0,1,1,1,1,1,1,1,0,0.00,6,5,6,6,12,11,41.5131794236476,3.6,0.277777777777778,149.447445925131,8.30263588472951,11.531438728791,0.00938723615311229,0,0,0,0,0,0,0
locust\test\test_locust_class.py,on_start,self,312,313,2,0,2,1,1,0,1,1,1,1,1,1,1,0,0.00,6,5,6,6,12,11,41.5131794236476,3.6,0.277777777777778,149.447445925131,8.30263588472951,11.531438728791,0.00938723615311229,0,0,0,0,0,0,0
locust\test\test_locust_class.py,stop,self,314,316,2,0,2,1,1,0,1,1,1,1,1,1,1,0,0.00,4,3,5,3,8,7,22.4588393764608,2,0.5,44.9176787529217,2.49542659738454,11.2294196882304,0.00421201861424495,0,0,0,0,0,0,0
locust\test\test_locust_class.py,test_get_request,self,331,341,11,1,10,3,7,0,1,3,7,1,1,1,1,0,0.00,9,19,29,31,60,28,288.441295323456,7.34210526315789,0.136200716845878,2117.76635250643,117.653686250357,39.2859111910084,0.0549706376231703,0,0,0,0,0,0,1
locust\test\test_locust_class.py,t1,l,333,334,2,0,2,1,1,0,1,1,1,1,1,1,1,0,0.00,5,7,8,8,16,12,57.3594000115385,2.85714285714286,0.35,163.884000032967,9.10466666849817,20.0757900040385,0.00998243403419704,0,0,0,0,0,0,0
locust\test\test_locust_class.py,test_client_request_headers,self,343,348,6,1,5,2,3,0,1,2,3,1,1,1,1,0,0.00,9,16,22,21,43,25,199.685816160313,5.90625,0.169312169312169,1179.39435169685,65.5219084276028,33.8092387149737,0.0372092949486784,0,0,0,0,0,0,0
locust\test\test_locust_class.py,test_client_get,self,350,355,6,1,5,2,3,0,1,2,3,1,1,1,1,0,0.00,8,14,18,18,36,22,160.539538270943,5.14285714285714,0.194444444444444,825.631911107705,45.8684395059836,31.2160213304611,0.0293361460319326,0,0,0,0,0,0,0
locust\test\test_locust_class.py,test_client_get_absolute_url,self,357,362,6,1,5,2,3,0,1,2,3,1,1,1,1,0,0.00,8,14,20,20,40,22,178.377264745492,5.71428571428571,0.175,1019.29865568853,56.627703093807,31.2160213304611,0.0337608246480853,0,0,0,0,0,0,0
locust\test\test_locust_class.py,test_client_post,self,364,370,7,1,6,2,4,0,1,2,4,1,1,1,1,0,0.00,9,17,31,30,61,26,286.726822806607,7.94117647058824,0.125925925925926,2276.94829875835,126.497127708797,36.1063406497208,0.057691813592164,0,0,0,0,0,0,1
locust\test\test_locust_class.py,test_client_put,self,372,378,7,1,6,2,4,0,1,2,4,1,1,1,1,0,0.00,9,17,31,30,61,26,286.726822806607,7.94117647058824,0.125925925925926,2276.94829875835,126.497127708797,36.1063406497208,0.057691813592164,0,0,0,0,0,0,1
locust\test\test_locust_class.py,test_client_delete,self,380,386,7,1,6,2,4,0,1,2,4,1,1,1,1,0,0.00,8,16,25,26,51,24,233.833087536779,6.5,0.153846153846154,1519.91506898906,84.439726054948,35.9743211595045,0.0440647819899661,0,0,0,0,0,0,0
locust\test\test_locust_class.py,test_client_head,self,388,393,6,1,5,2,3,0,1,2,3,1,1,1,1,0,0.00,8,14,18,18,36,22,160.539538270943,5.14285714285714,0.194444444444444,825.631911107705,45.8684395059836,31.2160213304611,0.0293361460319326,0,0,0,0,0,0,0
locust\test\test_locust_class.py,test_client_basic_auth,self,395,412,18,3,15,4,11,0,1,4,11,1,1,1,1,0,0.00,8,24,53,57,110,32,550,9.5,0.105263157894737,5225,290.277777777778,57.8947368421053,0.100369772969492,0,0,0,0,0,0,0
locust\test\test_locust_class.py,test_log_request_name_argument,self,414,430,17,4,13,5,8,0,1,4,8,1,1,1,1,0,0.00,12,27,46,46,92,39,486.257004135327,10.2222222222222,0.0978260869565217,4970.62715338334,276.145952965741,47.5686199697602,0.0970851644466838,0,0,0,0,0,0,1
locust\test\test_locust_class.py,t1,l,422,424,2,0,2,1,1,0,1,1,1,1,1,1,1,0,0.00,5,7,8,8,16,12,57.3594000115385,2.85714285714286,0.35,163.884000032967,9.10466666849817,20.0757900040385,0.00998243403419704,0,0,0,0,0,0,0
locust\test\test_locust_class.py,test_locust_client_error,self,432,446,15,2,13,5,8,0,1,4,8,1,1,1,1,0,0.00,10,20,42,40,82,30,402.365028839899,10,0.1,4023.65028839899,223.536127133277,40.2365028839899,0.0843254945460874,0,0,0,0,0,0,1
locust\test\test_locust_class.py,t1,self,434,437,2,0,2,1,1,0,1,1,1,1,1,1,1,0,0.00,5,7,8,8,16,12,57.3594000115385,2.85714285714286,0.35,163.884000032967,9.10466666849817,20.0757900040385,0.00998243403419704,0,0,0,0,0,0,0
locust\test\test_locust_class.py,test_redirect_url_original_path_as_name,self,448,458,11,2,9,3,6,0,1,3,6,1,1,1,1,0,0.00,10,22,36,39,75,32,375,8.86363636363636,0.112820512820513,3323.86363636364,184.659090909091,42.3076923076923,0.074240498174678,0,0,0,0,0,0,1
locust\test\test_locust_class.py,setUp,self,462,478,6,1,5,2,3,0,1,2,3,1,1,1,1,0,0.00,7,9,14,13,27,16,108,5.05555555555556,0.197802197802198,546,30.3333333333333,21.3626373626374,0.022267622000358,0,0,0,0,0,0,1
locust\test\test_locust_class.py,on_failure,"request_type, name, response_time, exception",472,474,3,0,3,1,2,0,1,1,2,1,1,1,1,0,0.00,7,9,10,11,21,16,84,4.27777777777778,0.233766233766234,359.333333333333,19.962962962963,19.6363636363636,0.0168478213752075,0,0,0,0,0,0,0
locust\test\test_locust_class.py,on_success,**kwargs,475,476,2,0,2,1,1,0,1,1,1,1,1,1,1,0,0.00,6,5,6,5,11,11,38.0537478050103,3,0.333333333333333,114.161243415031,6.34229130083505,12.6845826016701,0.00784436642516571,0,0,0,0,0,0,0
locust\test\test_locust_class.py,test_catch_response,self,480,493,14,3,11,1,10,0,1,1,11,1,1,1,1,1,0.00,11,19,58,57,115,30,564.29241849498,16.5,0.0606060606060606,9310.82490516716,517.268050287065,34.1995405148473,0.147526776028364,0,0,0,0,0,0,1
locust\test\test_locust_class.py,test_catch_response_http_fail,self,495,498,4,0,4,1,3,0,1,1,4,1,1,1,1,1,0.00,10,13,22,19,41,23,185.466040198338,7.30769230769231,0.136842105263158,1355.32875529554,75.2960419608635,25.379563395562,0.0408233380870734,0,0,0,0,0,0,1
locust\test\test_locust_class.py,test_catch_response_http_manual_fail,self,500,507,9,0,9,1,8,0,1,1,5,1,1,1,1,1,0.00,9,20,29,29,58,29,281.762897717399,6.525,0.153256704980843,1838.50290760603,102.139050422557,43.1820532900229,0.0500251376871038,0,0,0,0,0,0,0
locust\test\test_locust_class.py,test_catch_response_http_manual_success,self,510,514,5,0,5,1,4,0,1,1,4,1,1,1,1,1,0.00,9,14,23,21,44,23,199.036726066509,6.75,0.148148148148148,1343.49790094893,74.6387722749407,29.4869223802235,0.0405854226911141,0,0,0,0,0,0,0
locust\test\test_locust_class.py,test_catch_response_allow_404,self,516,522,7,0,7,1,6,0,2,1,6,2,2,2,1,2,0.00,11,16,31,29,60,27,285.293250129808,9.96875,0.100313479623824,2844.01708723152,158.00094929064,28.6187586337112,0.0669114147992264,0,0,0,0,0,0,0
locust\test\test_locust_class.py,test_interrupt_taskset_with_catch_response,self,524,538,15,1,14,5,9,0,1,4,9,1,1,1,1,0,0.00,14,25,47,42,89,39,470.40079747874,11.76,0.0850340136054422,5531.91337834998,307.328521019444,40.000067812818,0.104262706093813,0,0,0,0,0,0,1
locust\test\test_locust_class.py,interrupted_task,self,526,529,3,0,3,1,2,0,1,1,2,1,1,1,1,1,0.00,10,8,14,9,23,18,95.9082750331732,5.625,0.177777777777778,539.484047061599,29.9713359478666,17.0503600058975,0.0220901068459475,0,0,0,0,0,0,0
locust\test\test_locust_class.py,test_catch_response_connection_error_success,self,540,549,10,0,10,2,8,0,1,2,8,1,1,1,1,1,0.00,11,20,37,35,72,31,356.702134347855,9.625,0.103896103896104,3433.25804309811,190.736557949895,37.0599620101668,0.0758606179439744,0,0,0,0,0,0,1
locust\test\test_locust_class.py,test_catch_response_connection_error_fail,self,551,560,10,0,10,2,8,0,1,2,8,1,1,1,1,1,0.00,11,20,37,35,72,31,356.702134347855,9.625,0.103896103896104,3433.25804309811,190.736557949895,37.0599620101668,0.0758606179439744,0,0,0,0,0,0,1
locust\test\test_main.py,test_is_locust,self,8,29,22,6,16,5,11,0,1,5,11,1,1,1,1,0,0.00,10,21,63,54,117,31,579.640968315264,12.8571428571429,0.0777777777777778,7452.52673548197,414.029263082332,45.0831864245206,0.127178717289014,0,0,0,0,0,0,0
locust\test\test_main.py,__create_mock_locust_file,"self, filename",65,70,6,0,5,1,4,1,1,1,4,1,1,1,1,1,0.20,8,13,23,24,47,21,206.438918870602,7.38461538461539,0.135416666666667,1524.47201627521,84.6928897930674,27.9552702637273,0.044152813524285,0,0,0,0,0,0,0
locust\test\test_main.py,setUp,self,72,73,2,0,2,1,1,0,1,1,1,1,1,1,1,0,0.00,4,2,4,2,6,6,15.5097750043269,2,0.5,31.0195500086539,1.7233083338141,7.75488750216347,0.00329080696264077,0,0,0,0,0,0,0
locust\test\test_main.py,tearDown,self,75,76,2,0,2,1,1,0,1,1,1,1,1,1,1,0,0.00,4,5,6,6,12,9,38.0391000173078,2.4,0.416666666666667,91.2938400415386,5.0718800023077,15.8496250072116,0.00675833520718511,0,0,0,0,0,0,0
locust\test\test_main.py,test_load_locust_file_from_absolute_path,self,78,80,3,0,3,1,2,0,1,1,2,1,1,1,1,0,0.00,6,9,10,11,21,15,82.0447025077789,3.66666666666667,0.272727272727273,300.830575861856,16.7128097701031,22.375827956667,0.0149655745715291,0,0,0,0,0,0,1
locust\test\test_main.py,test_load_locust_file_from_relative_path,self,82,84,3,0,3,1,2,0,1,1,2,1,1,1,1,0,0.00,6,13,14,15,29,19,123.189897889864,3.46153846153846,0.288888888888889,426.42656961876,23.69036497882,35.5881927237385,0.0188846199765648,0,0,0,0,0,0,0
locust\test\test_main.py,test_load_locust_file_with_a_dot_in_filename,self,86,88,3,0,3,1,2,0,1,1,2,1,1,1,1,0,0.00,6,9,10,11,21,15,82.0447025077789,3.66666666666667,0.272727272727273,300.830575861856,16.7128097701031,22.375827956667,0.0149655745715291,0,0,0,0,0,0,0
locust\test\test_main.py,test_load_locust_file_with_multiple_dots_in_filename,self,90,92,3,0,3,1,2,0,1,1,2,1,1,1,1,0,0.00,6,9,10,11,21,15,82.0447025077789,3.66666666666667,0.272727272727273,300.830575861856,16.7128097701031,22.375827956667,0.0149655745715291,0,0,0,0,0,0,0
locust\test\test_main.py,test_return_docstring_and_locusts,self,94,99,6,0,6,1,5,0,1,1,5,1,1,1,1,0,0.00,6,15,20,24,44,21,193.261966602265,4.8,0.208333333333333,927.657439690874,51.5365244272708,40.2629097088053,0.031705686899301,0,0,0,0,0,0,0
locust\test\test_parser.py,setUp,self,7,8,2,0,2,1,1,0,1,1,1,1,1,1,1,0,0.00,6,5,8,7,15,11,51.8914742795595,4.2,0.238095238095238,217.94419197415,12.1080106652305,12.3551129237046,0.0120718995186948,0,0,0,0,0,0,0
locust\test\test_parser.py,test_default,self,10,12,3,0,3,1,2,0,1,1,2,1,1,1,1,0,0.00,8,8,14,11,25,16,100,5.5,0.181818181818182,550,30.5555555555556,18.1818181818182,0.0223762448152886,0,0,0,0,0,0,0
locust\test\test_parser.py,test_reset_stats,self,14,19,6,0,6,1,5,0,1,1,3,1,1,1,1,0,0.00,8,10,15,14,29,18,120.927825041827,5.6,0.178571428571429,677.195820234231,37.6219900130129,21.5942544717548,0.0257052357475919,0,0,0,0,0,0,1
locust\test\test_parser.py,test_should_accept_legacy_no_reset_stats,self,21,26,6,0,6,1,5,0,1,1,3,1,1,1,1,0,0.00,8,10,15,14,29,18,120.927825041827,5.6,0.178571428571429,677.195820234231,37.6219900130129,21.5942544717548,0.0257052357475919,0,0,0,0,0,0,0
locust\test\test_runners.py,mocked_rpc_server,,16,44,29,7,22,9,13,0,1,8,13,1,1,1,1,0,0.00,11,29,72,62,134,40,713.138364714907,11.7586206896552,0.0850439882697947,8385.52352992356,465.862418329086,60.6481307235551,0.137583240197932,0,0,0,0,0,0,1
locust\test\test_runners.py,__init__,"self, host, port",21,22,6,0,6,1,5,0,1,1,2,1,1,1,1,0,0.00,10,12,37,22,59,22,263.106465499601,9.16666666666667,0.109090909090909,2411.80926707967,133.989403726648,28.7025235090473,0.0599479106926238,0,0,0,0,0,0,1
locust\test\test_runners.py,mocked_send,"cls, message",24,27,3,0,3,1,2,0,1,1,2,1,1,1,1,0,0.00,5,8,10,10,20,13,74.0087943628218,3.125,0.32,231.277482383818,12.8487490213232,23.682814196103,0.0125593639568547,0,0,0,0,0,0,0
locust\test\test_runners.py,recv,self,29,31,3,0,3,1,2,0,1,1,2,1,1,1,1,0,0.00,6,7,10,9,19,13,70.3083546446807,3.85714285714286,0.259259259259259,271.189367915197,15.0660759952887,18.2280919449172,0.0139656295503137,0,0,0,0,0,0,0
locust\test\test_runners.py,send,"self, message",33,34,2,0,2,1,1,0,1,1,1,1,1,1,1,0,0.00,5,6,9,8,17,11,58.8103375168341,3.33333333333333,0.3,196.034458389447,10.8908032438582,17.6431012550502,0.0112486487754762,0,0,0,0,0,0,0
locust\test\test_runners.py,send_to_client,"self, message",36,37,2,0,2,1,1,0,1,1,1,1,1,1,1,0,0.00,6,7,12,10,22,13,81.409673799104,4.28571428571429,0.233333333333333,348.89860199616,19.3832556664533,18.9955905531243,0.0165200578878722,0,0,0,0,0,0,0
locust\test\test_runners.py,recv_from_client,self,39,42,4,0,4,1,3,0,1,1,3,1,1,1,1,0,0.00,7,9,13,13,26,16,104,5.05555555555556,0.197802197802198,525.777777777778,29.2098765432099,20.5714285714286,0.0217143531310727,0,0,0,0,0,0,0
locust\test\test_runners.py,__init__,self,47,56,6,0,6,1,5,0,1,1,2,1,1,1,1,0,0.00,10,12,37,22,59,22,263.106465499601,9.16666666666667,0.109090909090909,2411.80926707967,133.989403726648,28.7025235090473,0.0599479106926238,0,0,0,0,0,0,1
locust\test\test_runners.py,reset_stats,self,58,59,2,0,2,1,1,0,1,1,1,1,1,1,1,0,0.00,4,2,4,2,6,6,15.5097750043269,2,0.5,31.0195500086539,1.7233083338141,7.75488750216347,0.00329080696264077,0,0,0,0,0,0,0
locust\test\test_runners.py,setUp,self,62,65,4,0,4,1,3,0,1,1,3,1,1,1,1,0,0.00,8,11,15,14,29,19,123.189897889864,5.09090909090909,0.196428571428571,627.148571075671,34.8415872819817,24.1980156569376,0.0244226266262266,0,0,1,0,0,0,1
locust\test\test_runners.py,tearDown,self,68,69,2,0,2,1,1,0,1,1,1,1,1,1,1,0,0.00,5,6,7,7,14,11,48.4320426609222,2.91666666666667,0.342857142857143,141.26012442769,7.8477846904272,16.605271769459,0.00904118040101369,0,0,1,0,0,0,1
locust\test\test_runners.py,test_slave_connect,self,71,86,16,2,14,2,12,0,1,2,12,1,1,1,1,1,0.00,12,28,68,63,131,40,697.172580430244,13.5,0.0740740740740741,9411.8298358083,522.879435322683,51.6424133652033,0.14859178153404,0,0,0,0,0,0,1
locust\test\test_runners.py,test_slave_stats_report_median,self,88,106,19,4,15,2,13,0,1,2,13,1,1,1,1,1,0.00,12,37,71,73,144,49,808.51821755259,11.8378378378378,0.0844748858447489,9571.10754832526,531.728197129181,68.2994841311549,0.150263514684053,0,0,1,0,0,0,1
locust\test\test_runners.py,test_master_marks_downed_slaves_as_missing,self,108,117,10,1,8,2,6,1,1,2,6,1,1,1,1,1,0.12,14,22,30,26,56,36,289.51580008077,8.27272727272727,0.120879120879121,2395.08525521364,133.060291956313,34.9964153943787,0.059670461492538,0,0,0,0,0,0,1
locust\test\test_runners.py,test_master_total_stats,self,119,143,25,1,24,2,22,0,1,2,12,1,1,1,1,1,0.00,12,41,91,82,173,53,990.930238639434,12,0.0833333333333333,11891.1628636732,660.620159092956,82.5775198866195,0.173658067380386,0,0,0,0,0,0,1
locust\test\test_runners.py,test_master_current_response_times,self,145,192,48,2,44,2,42,2,1,2,27,1,1,1,1,2,0.05,13,54,167,165,332,67,2013.94161123198,19.8611111111111,0.0503496503496504,39999.1181119685,2222.17322844269,101.401255950142,0.389863301393443,0,0,0,0,0,0,1
locust\test\test_runners.py,test_sends_hatch_data_to_ready_running_hatching_slaves,self,194,209,16,2,13,2,11,1,1,2,11,1,1,1,1,1,0.08,11,27,50,55,105,38,551.032388911576,11.2037037037037,0.0892561983471074,6173.60361650933,342.977978694963,49.1830562003721,0.112177194175701,0,0,0,0,0,0,1
locust\test\test_runners.py,test_spawn_zero_locusts,self,211,233,23,4,19,5,14,0,2,4,13,2,2,2,1,1,0.00,14,29,47,41,88,43,477.511298413785,9.89655172413793,0.101045296167247,4725.71526361228,262.539736867349,48.2502705714277,0.093869343193159,0,0,0,0,0,0,1
locust\test\test_runners.py,my_task,self,213,215,2,0,2,1,1,0,1,1,1,1,1,1,1,0,0.00,4,2,4,2,6,6,15.5097750043269,2,0.5,31.0195500086539,1.7233083338141,7.75488750216347,0.00329080696264077,0,0,0,0,0,0,1
locust\test\test_runners.py,test_spawn_uneven_locusts,self,235,255,21,4,13,2,11,4,4,2,11,3,3,3,1,2,0.31,16,33,52,51,103,49,578.315113943866,12.3636363636364,0.0808823529411765,7150.07777239689,397.226542910939,46.7754871572245,0.123714115864944,0,0,0,0,0,0,1
locust\test\test_runners.py,test_spawn_fewer_locusts_than_slaves,self,257,273,17,4,13,2,11,0,4,2,11,3,3,3,1,2,0.00,16,32,52,50,102,48,569.666175073558,12.5,0.08,7120.82718841948,395.601510467749,45.5732940058846,0.123376480194193,0,0,0,0,0,0,1
locust\test\test_runners.py,test_exception_in_task,self,275,297,23,5,18,6,12,0,1,5,12,1,1,1,1,0,0.00,13,30,58,57,115,43,624.020446790741,12.35,0.0809716599190283,7706.65251786565,428.147362103647,50.52797140006,0.130053665498358,0,0,0,0,0,0,1
locust\test\test_runners.py,will_error,self,281,283,2,0,2,1,1,0,1,1,1,1,1,1,1,0,0.00,4,4,5,4,9,8,27,2,0.5,54,3,13.5,0.0047622031559046,0,0,0,0,0,0,0
locust\test\test_runners.py,test_exception_is_catched,self,299,341,43,7,33,9,24,5,1,7,21,1,1,1,1,1,0.15,17,50,131,119,250,67,1516.52229761444,20.23,0.0494315373208107,30679.2460807402,1704.40256004112,74.9640285523699,0.326669459470155,0,0,0,0,0,0,0
locust\test\test_runners.py,__init__,"self, *a, **kw",305,309,6,0,6,1,5,0,1,1,2,1,1,1,1,0,0.00,10,12,37,22,59,22,263.106465499601,9.16666666666667,0.109090909090909,2411.80926707967,133.989403726648,28.7025235090473,0.0599479106926238,0,0,0,0,0,0,1
locust\test\test_runners.py,will_error,self,312,314,2,0,2,1,1,0,1,1,1,1,1,1,1,0,0.00,4,4,5,4,9,8,27,2,0.5,54,3,13.5,0.0047622031559046,0,0,0,0,0,0,0
locust\test\test_runners.py,will_stop,self,316,318,2,0,2,1,1,0,1,1,1,1,1,1,1,0,0.00,4,3,5,4,9,7,25.2661942985184,2.66666666666667,0.375,67.3765181293825,3.74313989607681,9.47482286194442,0.00551930576776507,0,0,0,0,0,0,0
locust\test\test_runners.py,test_message_serialize,self,345,350,6,0,6,1,5,0,1,1,5,1,1,1,1,0,0.00,7,13,28,29,57,20,246.34990140858,7.80769230769231,0.12807881773399,1923.42423022853,106.856901679363,31.5522041212959,0.051553972290342,0,0,0,0,0,0,0
locust\test\test_stats.py,setUp,self,14,27,14,0,14,1,13,0,1,1,13,1,1,1,1,0,0.00,6,22,57,67,124,28,596.112010335143,9.13636363636364,0.109452736318408,5446.29609442562,302.572005245868,65.2460906834485,0.103184131009914,0,0,0,0,0,0,1
locust\test\test_stats.py,test_percentile,self,29,36,8,1,7,1,6,0,2,1,6,2,2,2,1,1,0.00,8,20,30,33,63,28,302.863360089629,6.6,0.151515151515152,1998.89817659155,111.049898699531,45.888387892368,0.0528939328848175,0,0,0,0,0,0,0
locust\test\test_stats.py,test_median,self,38,39,2,0,2,1,1,0,1,1,1,1,1,1,1,0,0.00,5,6,8,8,16,11,55.3509058981968,3.33333333333333,0.3,184.503019660656,10.2501677589253,16.605271769459,0.0108030834503762,0,0,0,0,0,0,0
locust\test\test_stats.py,test_total_rps,self,41,42,2,0,2,1,1,0,1,1,1,1,1,1,1,0,0.00,5,6,8,8,16,11,55.3509058981968,3.33333333333333,0.3,184.503019660656,10.2501677589253,16.605271769459,0.0108030834503762,0,0,0,0,0,0,1
locust\test\test_stats.py,test_current_rps,self,44,49,6,1,5,1,4,0,1,1,4,1,1,1,1,0,0.00,7,14,29,30,59,21,259.146727943947,7.5,0.133333333333333,1943.6004595796,107.977803309978,34.5528970591929,0.0519138702503265,0,0,0,0,0,0,0
locust\test\test_stats.py,test_num_reqs_fails,self,51,53,3,0,3,1,2,0,1,1,2,1,1,1,1,0,0.00,5,8,13,14,27,13,99.9118723898095,4.375,0.228571428571429,437.114441705417,24.2841356503009,22.836999403385,0.0191988632604155,0,0,0,0,0,0,0
locust\test\test_stats.py,test_avg,self,55,56,2,0,2,1,1,0,1,1,1,1,1,1,1,0,0.00,5,6,8,8,16,11,55.3509058981968,3.33333333333333,0.3,184.503019660656,10.2501677589253,16.605271769459,0.0108030834503762,0,0,0,0,0,0,0
locust\test\test_stats.py,test_reset,self,58,68,11,1,10,1,9,0,1,1,9,1,1,1,1,0,0.00,5,20,43,50,93,25,431.878625649049,6.25,0.16,2699.24141030656,149.957856128142,69.1005801038479,0.0646209339713958,0,0,0,0,0,0,1
locust\test\test_stats.py,test_reset_min_response_time,self,70,73,4,0,4,1,3,0,1,1,3,1,1,1,1,0,0.00,5,9,15,16,31,14,118.028002583786,4.44444444444444,0.225,524.568900372381,29.1427166873545,26.5563005813518,0.0216810563513959,0,0,0,0,0,0,0
locust\test\test_stats.py,test_aggregation,self,75,100,26,3,23,1,22,0,1,1,22,1,1,1,1,0,0.00,6,29,74,95,169,35,866.848829863699,9.82758620689655,0.101754385964912,8519.03160383291,473.279533546273,88.2056704071834,0.139039724382547,0,0,0,0,0,0,0
locust\test\test_stats.py,test_aggregation_with_rounding,self,102,117,16,1,15,1,14,8,1,1,14,1,1,1,1,0,0.53,6,25,52,65,117,31,579.640968315264,7.8,0.128205128205128,4521.19955285906,251.177752936615,74.3129446558031,0.0911411552774295,0,0,0,0,0,0,1
locust\test\test_stats.py,test_percentile_rounded_down,self,119,123,5,0,5,1,4,1,1,1,4,1,1,1,1,0,0.20,6,14,17,19,36,20,155.589411415945,4.07142857142857,0.245614035087719,633.471175050633,35.1928430583685,38.2149431547935,0.0245864966709352,0,0,0,0,0,0,1
locust\test\test_stats.py,test_percentile_rounded_up,self,125,129,5,0,5,1,4,1,1,1,4,1,1,1,1,0,0.20,6,14,17,19,36,20,155.589411415945,4.07142857142857,0.245614035087719,633.471175050633,35.1928430583685,38.2149431547935,0.0245864966709352,0,0,0,0,0,0,1
locust\test\test_stats.py,test_error_grouping,self,131,144,14,3,10,1,9,1,1,1,9,1,1,1,1,0,0.10,7,21,58,64,122,28,586.497300491028,10.6666666666667,0.09375,6255.97120523763,347.553955846535,54.9841219210338,0.113172759646544,0,0,0,0,0,0,1
locust\test\test_stats.py,test_error_grouping_errors_with_memory_addresses,self,146,153,8,1,6,2,4,1,1,2,4,1,1,1,1,0,0.17,9,15,24,22,46,24,210.908275033173,6.6,0.151515151515152,1391.99461521894,77.3330341788302,31.9557992474505,0.0415563232153778,0,0,0,0,0,0,1
locust\test\test_stats.py,test_serialize_through_message,self,155,170,16,2,9,1,8,5,1,1,8,1,1,1,1,0,0.56,6,22,40,45,85,28,408.625168374896,6.13636363636364,0.162962962962963,2507.47262411868,139.30403467326,66.5907681796127,0.0615228169167603,0,0,0,0,0,0,1
locust\test\test_stats.py,setUp,"self, *args, **kwargs",174,176,14,0,14,1,13,0,1,1,13,1,1,1,1,0,0.00,6,22,57,67,124,28,596.112010335143,9.13636363636364,0.109452736318408,5446.29609442562,302.572005245868,65.2460906834485,0.103184131009914,0,0,0,0,0,0,1
locust\test\test_stats.py,test_response_times_cached,self,178,189,12,0,12,1,11,0,1,1,8,1,1,1,1,0,0.00,11,21,48,51,99,32,495,13.3571428571429,0.0748663101604278,6611.78571428571,367.321428571429,37.0588235294118,0.11742428519207,0,0,0,0,0,0,1
locust\test\test_stats.py,test_response_times_not_cached_if_not_enabled,self,191,197,7,0,7,1,6,0,1,1,6,1,1,1,1,0,0.00,8,15,26,27,53,23,239.748783671022,7.2,0.138888888888889,1726.19124243136,95.8995134684087,33.2984421765308,0.0479664986432639,0,0,0,0,0,0,0
locust\test\test_stats.py,test_latest_total_response_times_pruned,self,199,214,17,0,14,1,13,3,2,1,10,2,2,2,1,1,0.21,13,33,64,63,127,46,701.492368419241,12.4090909090909,0.0805860805860806,8704.88257174785,483.604587319325,56.5305205319534,0.141054633398363,0,0,0,0,0,0,1
locust\test\test_stats.py,test_get_current_response_time_percentile,self,217,230,14,2,12,1,11,0,1,1,8,1,1,1,1,0,0.00,12,29,51,53,104,41,557.185408480281,10.9655172413793,0.0911949685534591,6109.82620333549,339.434789074194,50.8125058048055,0.111403281364528,0,0,0,0,0,0,1
locust\test\test_stats.py,test_diff_response_times_dicts,self,232,251,21,0,21,1,20,0,1,1,5,1,1,1,1,0,0.00,6,12,67,45,112,18,467.031600161539,11.25,0.0888888888888889,5254.10550181731,291.894750100962,41.513920014359,0.100742163035297,0,0,0,0,0,0,1
locust\test\test_stats.py,test_request_stats_content_length,self,256,264,9,1,8,2,6,0,1,2,6,1,1,1,1,0,0.00,8,17,33,36,69,25,320.426077094456,8.47058823529412,0.118055555555556,2714.19735891775,150.788742162097,37.8280785458733,0.0648594150633694,0,0,0,0,0,0,1
locust\test\test_stats.py,test_request_stats_no_content_length,self,266,272,7,0,7,2,5,0,1,2,5,1,1,1,1,0,0.00,8,19,24,26,50,27,237.744375108173,5.47368421052632,0.182692307692308,1301.33763217105,72.2965351206141,43.4340685293778,0.0397318454888492,0,0,0,0,0,0,1
locust\test\test_stats.py,test_request_stats_no_content_length_streaming,self,274,280,7,0,7,2,5,0,1,2,5,1,1,1,1,0,0.00,9,19,26,26,52,28,249.982455946995,6.15789473684211,0.162393162393162,1539.36564977887,85.5203138766037,40.595441564042,0.0444399204423913,0,0,0,0,0,0,0
locust\test\test_stats.py,test_request_stats_named_endpoint,self,282,288,7,1,6,2,4,0,1,2,4,1,1,1,1,0,0.00,8,18,23,24,47,26,220.920666752631,5.33333333333333,0.1875,1178.24355601403,65.457975334113,41.4226250161184,0.0371850863297331,0,0,0,0,0,0,0
locust\test\test_stats.py,test_request_stats_query_variables,self,290,296,7,1,6,2,4,0,1,2,4,1,1,1,1,0,0.00,8,16,21,22,43,24,197.15338753101,5.5,0.181818181818182,1084.34363142055,60.2413128566974,35.8460704601836,0.0351822303174409,0,0,0,0,0,0,0
locust\test\test_stats.py,test_request_stats_put,self,298,304,7,1,6,2,4,0,1,2,4,1,1,1,1,0,0.00,8,17,21,22,43,25,199.685816160313,5.17647058823529,0.193181818181818,1033.66775424162,57.4259863467567,38.5756690309696,0.0340773690492297,0,0,0,0,0,0,0
locust\test\test_stats.py,test_request_connection_error,self,306,314,9,1,8,2,6,0,1,2,6,1,1,1,1,0,0.00,7,21,33,36,69,28,331.707489621975,6,0.166666666666667,1990.24493773185,110.569163207325,55.2845816036624,0.0527411704908573,0,0,0,0,0,0,1
locust\test\test_stats.py,root_task,self,318,320,2,0,2,1,1,0,1,1,1,1,1,1,1,0,0.00,4,2,4,2,6,6,15.5097750043269,2,0.5,31.0195500086539,1.7233083338141,7.75488750216347,0.00329080696264077,0,0,0,0,0,0,0
locust\test\test_stats.py,task1,self,324,326,2,0,2,1,1,0,1,1,1,1,1,1,1,0,0.00,4,2,4,2,6,6,15.5097750043269,2,0.5,31.0195500086539,1.7233083338141,7.75488750216347,0.00329080696264077,0,0,0,0,0,0,0
locust\test\test_stats.py,task2,self,327,329,2,0,2,1,1,0,1,1,1,1,1,1,1,0,0.00,4,2,4,2,6,6,15.5097750043269,2,0.5,31.0195500086539,1.7233083338141,7.75488750216347,0.00329080696264077,0,0,0,0,0,0,0
locust\test\test_stats.py,test_get_task_ratio_dict_relative,self,332,338,7,0,7,1,6,0,1,1,6,1,1,1,1,0,0.00,7,17,43,47,90,24,412.646625064904,9.67647058823529,0.103343465045593,3992.9629307751,221.83127393195,42.6443320735767,0.0838961949559261,0,0,0,0,0,0,0
locust\test\test_stats.py,test_get_task_ratio_dict_total,self,340,346,7,0,7,1,6,0,1,1,6,1,1,1,1,0,0.00,8,18,46,48,94,26,441.841333505263,10.6666666666667,0.09375,4712.97422405614,261.831901336452,41.4226250161184,0.0937005460179775,0,0,0,0,0,0,0
locust\test\test_taskratio.py,test_task_ratio_command,self,8,38,31,5,26,11,15,0,1,7,6,1,1,1,1,0,0.00,11,25,57,42,99,36,511.822575142789,9.24,0.108225108225108,4729.24059431937,262.735588573298,55.3920535868819,0.0939160210439339,0,0,0,0,0,0,1
locust\test\test_taskratio.py,root_task1,self,10,12,2,0,2,1,1,0,1,1,1,1,1,1,1,0,0.00,4,2,4,2,6,6,15.5097750043269,2,0.5,31.0195500086539,1.7233083338141,7.75488750216347,0.00329080696264077,0,0,0,0,0,0,0
locust\test\test_taskratio.py,task1,self,16,18,2,0,2,1,1,0,1,1,1,1,1,1,1,0,0.00,4,2,4,2,6,6,15.5097750043269,2,0.5,31.0195500086539,1.7233083338141,7.75488750216347,0.00329080696264077,0,0,0,0,0,0,0
locust\test\test_taskratio.py,task2,self,20,22,2,0,2,1,1,0,1,1,1,1,1,1,1,0,0.00,4,2,4,2,6,6,15.5097750043269,2,0.5,31.0195500086539,1.7233083338141,7.75488750216347,0.00329080696264077,0,0,0,0,0,0,0
locust\test\test_taskratio.py,test_task_ratio_command_with_locust_weight,self,40,66,27,5,22,8,14,0,1,6,11,1,1,1,1,0,0.00,16,28,89,77,166,44,906.265648693791,22,0.0454545454545455,19937.8442712634,1107.65801507019,41.1938931224451,0.245092983393819,0,0,0,0,0,0,1
locust\test\test_taskratio.py,task1,self,42,44,2,0,2,1,1,0,1,1,1,1,1,1,1,0,0.00,4,2,4,2,6,6,15.5097750043269,2,0.5,31.0195500086539,1.7233083338141,7.75488750216347,0.00329080696264077,0,0,0,0,0,0,0
locust\test\test_taskratio.py,task3,self,46,48,2,0,2,1,1,0,1,1,1,1,1,1,1,0,0.00,4,2,4,2,6,6,15.5097750043269,2,0.5,31.0195500086539,1.7233083338141,7.75488750216347,0.00329080696264077,0,0,0,0,0,0,0
locust\test\test_task_sequence_class.py,setUp,self,12,19,8,1,7,2,5,0,1,2,5,1,1,1,1,0,0.00,7,13,16,17,33,20,142.623627131283,4.57692307692308,0.218487394957983,652.777370331641,36.265409462869,31.1614647513728,0.0250835387175052,0,0,0,0,0,0,0
locust\test\test_task_sequence_class.py,test_task_sequence_with_list,self,21,46,26,5,21,5,16,0,1,5,16,1,1,1,1,0,0.00,14,23,69,55,124,37,645.97221733799,16.7391304347826,0.0597402597402597,10813.0132032664,600.72295573702,38.590548048763,0.162995857656195,0,0,0,0,0,0,0
locust\test\test_task_sequence_class.py,t1,l,22,24,3,0,3,1,2,0,2,1,2,2,2,2,1,1,0.00,8,5,10,7,17,13,62.9074752083986,5.6,0.178571428571429,352.281861167032,19.5712145092796,11.2334777157855,0.0166266823612425,0,0,0,0,0,0,0
locust\test\test_task_sequence_class.py,t2,l,26,28,3,0,3,1,2,0,2,1,2,2,2,2,1,1,0.00,8,9,15,14,29,17,118.53642239626,6.22222222222222,0.160714285714286,737.559961576728,40.9755534209293,19.0504964565418,0.0272109455919918,0,0,0,0,0,0,0
locust\test\test_task_sequence_class.py,t3,l,30,33,4,0,4,1,3,0,2,1,3,2,2,2,1,1,0.00,10,7,14,9,23,17,94.0116453487578,6.42857142857143,0.155555555555556,604.360577242015,33.5755876245564,14.6240337209179,0.0238273730037978,0,0,0,0,0,0,0
locust\test\test_task_sequence_class.py,test_task_with_decorator,self,48,76,29,5,24,8,15,0,1,5,15,1,1,1,1,0,0.00,15,26,76,74,150,41,803.632800692713,21.3461538461538,0.0468468468468468,17154.4693994021,953.026077744563,37.6476627351541,0.221715950719046,0,0,0,0,0,0,0
locust\test\test_task_sequence_class.py,t1,self,54,57,3,0,3,1,2,0,2,1,2,2,2,2,1,1,0.00,8,5,10,7,17,13,62.9074752083986,5.6,0.178571428571429,352.281861167032,19.5712145092796,11.2334777157855,0.0166266823612425,0,0,0,0,0,0,0
locust\test\test_task_sequence_class.py,t2,self,59,63,3,0,3,1,2,0,2,1,2,2,2,2,1,1,0.00,8,9,15,14,29,17,118.53642239626,6.22222222222222,0.160714285714286,737.559961576728,40.9755534209293,19.0504964565418,0.0272109455919918,0,0,0,0,0,0,0
locust\test\test_task_sequence_class.py,t3,self,65,69,4,0,4,1,3,0,2,1,3,2,2,2,1,1,0.00,10,7,14,9,23,17,94.0116453487578,6.42857142857143,0.155555555555556,604.360577242015,33.5755876245564,14.6240337209179,0.0238273730037978,0,0,0,0,0,0,0
locust\test\test_util.py,test_parse_timespan_invalid_values,self,6,9,4,0,4,1,3,0,1,1,3,1,1,1,1,0,0.00,6,7,16,16,32,13,118.414070980515,6.85714285714286,0.145833333333333,811.982201009245,45.1101222782914,17.2687186846584,0.029011916459644,0,0,0,0,0,0,0
locust\test\test_util.py,test_parse_timespan,self,11,16,6,0,6,1,5,0,1,1,5,1,1,1,1,0,0.00,5,13,23,27,50,18,208.496250072116,5.19230769230769,0.192592592592593,1082.57668306675,60.1431490592641,40.1548333472223,0.0351440000753499,0,0,0,0,0,0,0
locust\test\test_web.py,setUp,self,20,33,14,3,11,1,10,0,1,1,10,1,1,1,1,0,0.00,9,31,50,45,95,40,505.583169014299,6.53225806451613,0.153086419753086,3302.59973307728,183.477762948738,77.3979172318187,0.0739235315485194,0,0,0,0,0,0,1
locust\test\test_web.py,tearDown,self,35,37,3,0,3,1,2,0,1,1,2,1,1,1,1,0,0.00,5,6,10,9,19,11,65.7292007541087,3.75,0.266666666666667,246.484502827907,13.6935834904393,17.5277868677623,0.013104038429597,0,0,0,0,0,0,0
locust\test\test_web.py,test_index,self,39,40,2,0,2,1,1,0,1,1,1,1,1,1,1,0,0.00,6,9,11,11,22,15,85.9515931033874,3.66666666666667,0.272727272727273,315.155841379087,17.5086578543937,23.4413435736511,0.0154369792137839,0,0,0,0,0,0,0
locust\test\test_web.py,test_stats_no_data,self,42,43,2,0,2,1,1,0,1,1,1,1,1,1,1,0,0.00,6,9,11,11,22,15,85.9515931033874,3.66666666666667,0.272727272727273,315.155841379087,17.5086578543937,23.4413435736511,0.0154369792137839,0,0,0,0,0,0,0
locust\test\test_web.py,test_stats,self,45,58,14,2,12,1,11,1,1,1,11,1,1,1,1,0,0.08,8,31,63,73,136,39,718.814701765266,9.41935483870968,0.106164383561644,6770.77073920831,376.153929956017,76.3125197079563,0.119299187095155,0,0,0,0,0,0,1
locust\test\test_web.py,test_stats_cache,self,60,75,16,3,12,1,11,4,1,1,11,1,1,1,1,0,0.33,8,29,62,71,133,37,692.85729762865,9.79310344827586,0.102112676056338,6785.22319057023,376.956843920568,70.7495127860242,0.119468892333982,0,0,0,0,0,0,1
locust\test\test_web.py,test_request_stats_csv,self,77,80,4,0,4,1,3,0,1,1,3,1,1,1,1,0,0.00,7,17,18,20,38,24,174.228575027404,4.11764705882353,0.242857142857143,717.411779524605,39.8562099735891,42.3126539352267,0.0267131076403811,0,0,0,0,0,0,0
locust\test\test_web.py,test_distribution_stats_csv,self,82,97,16,0,13,1,12,3,4,1,12,3,3,3,1,1,0.23,11,37,61,66,127,48,709.290237591587,9.81081081081081,0.101928374655647,6958.71233096611,386.595129498117,72.2968010768284,0.121496751872161,0,0,0,0,0,0,1
locust\test\test_web.py,test_request_stats_with_errors,self,99,103,5,0,5,1,4,0,1,1,4,1,1,1,1,0,0.00,7,19,22,25,47,26,220.920666752631,4.60526315789474,0.217142857142857,1017.39780741343,56.5221004118574,47.9713447805714,0.0337188388065046,0,0,0,0,0,0,0
locust\test\test_web.py,test_exceptions,self,105,118,14,2,12,1,11,0,2,1,11,2,2,2,1,1,0.00,12,30,56,59,115,42,620.116503619558,11.8,0.0847457627118644,7317.37474271078,406.520819039488,52.552246069454,0.125636436557894,0,0,0,0,0,0,1
locust\test\test_web.py,test_exceptions_csv,self,120,138,19,3,16,1,15,0,4,1,15,3,3,3,1,1,0.00,14,38,71,74,145,52,826.563759130458,13.6315789473684,0.0733590733590734,11267.3691376205,625.964952090025,60.6359514420027,0.167530452085002,0,0,0,0,0,0,1
locust\test\test_zmqrpc.py,setUp,self,9,11,3,0,3,1,2,0,1,1,2,1,1,1,1,0,0.00,6,11,14,15,29,17,118.53642239626,4.09090909090909,0.244444444444444,484.921727984699,26.94009599915,28.9755699190857,0.0205743682127363,0,0,0,0,0,0,1
locust\test\test_zmqrpc.py,tearDown,self,13,15,3,0,3,1,2,0,1,1,2,1,1,1,1,0,0.00,4,6,11,10,21,10,69.7604899926346,3.33333333333333,0.3,232.534966642115,12.9186092578953,20.9281469977904,0.0126048473452735,0,0,0,0,0,0,0
locust\test\test_zmqrpc.py,test_client_send,self,17,22,6,0,6,1,5,0,1,1,5,1,1,1,1,0,0.00,6,15,25,28,53,21,232.792823407274,5.6,0.178571428571429,1303.63981108074,72.4244339489298,41.5701470370133,0.0397786910657794,0,0,0,0,0,0,1
locust\test\test_zmqrpc.py,test_client_recv,self,24,32,9,0,7,1,6,2,1,1,6,1,1,1,1,0,0.29,6,17,26,30,56,23,253.319469539193,5.29411764705882,0.188888888888889,1341.10307403102,74.5057263350567,47.8492331351809,0.0405371784965603,0,0,0,0,0,0,1
locust\util\cache.py,memoize,"timeout, dynamic_timeout=False",6,33,28,3,19,4,15,6,1,4,15,1,1,1,1,0,0.32,21,17,68,54,122,38,640.247156640117,33.3529411764706,0.0299823633156967,21354.1257538204,1186.34031965669,19.1961228622257,0.256566495778931,0,0,0,2,0,0,1
locust\util\cache.py,decorator,func,14,32,19,2,16,3,13,1,1,3,13,1,1,1,1,0,0.06,19,14,58,46,104,33,524.616988413279,31.2142857142857,0.0320366132723112,16375.5445669002,909.752475938901,16.8069515738808,0.214952539080172,0,0,0,0,0,0,1
locust\util\cache.py,wrapper,"*args, **kwargs",15,23,9,0,8,1,7,1,3,1,7,3,3,3,1,2,0.12,17,12,39,31,70,29,340.05866965893,21.9583333333333,0.0455407969639469,7467.12162126067,414.840090070037,15.4865428307672,0.127344706051445,0,0,0,0,0,0,0
locust\util\cache.py,clear_cache,,25,29,5,0,5,1,4,0,4,1,4,3,3,3,1,1,0.00,7,4,13,9,22,11,76.1074956100206,7.875,0.126984126984127,599.346527928912,33.297029329384,9.66444388698674,0.0236954016406657,0,0,0,0,0,0,0
locust\util\exception_handler.py,retry,"delays=('1', '3', '5'), exception=Exception",6,23,18,0,18,4,14,0,1,3,13,1,1,1,1,0,0.00,21,21,56,37,93,42,501.485520318425,18.5,0.0540540540540541,9277.48212589086,515.415673660603,27.1073254226176,0.147174362336345,0,0,0,0,0,0,1
locust\util\exception_handler.py,decorator,function,8,22,15,0,15,2,13,0,1,2,12,1,1,1,1,0,0.00,21,17,46,29,75,38,393.594563508269,17.9117647058824,0.0558292282430213,7049.97321107458,391.665178393032,21.9740807213155,0.122556699418745,0,0,0,0,0,0,1
locust\util\exception_handler.py,wrapper,"*args, **kwargs",9,21,13,0,13,1,12,0,4,1,11,4,4,4,4,3,0.00,21,16,42,26,68,37,354.242828862769,17.0625,0.0586080586080586,6044.26826747099,335.792681526166,20.7614844754736,0.110604950679076,0,0,0,0,0,0,1
locust\util\time.py,parse_timespan,time_str,4,24,21,2,14,1,13,5,10,1,13,5,5,5,5,1,0.36,14,21,50,42,92,35,471.894037558937,14,0.0714285714285714,6606.51652582512,367.028695879173,33.7067169684955,0.11736189025812,0,0,0,0,0,0,0
